ZPID,Address,City,State,Price,Monthly Rent,Monthly Cash Flow,ROI %,Monthly Tax,MLS ID,Bedrooms,Bathrooms,Year Built,Property Type
36554826,"1631 Ceddox St, Baltimore, MD 21226","Baltimore",MD,59900,1459,994,199.14,26,MDBA2206368,2,1,1900,"TOWNHOUSE"
106855421,"12 E Main St, Madelia, MN 56062","Madelia",MN,79900,1941,1323,198.64,82,7038852,4,2,1885,"SINGLE_FAMILY"
90294329,"933 County Road 118, Burnet, TX 78611","Burnet",TX,52500,1292,854,195.1,31,609626,0,0,0,"LOT"
2070850463,"615 W Main St, Mitchell, IN 47446","Mitchell",IN,55000,1316,873,190.42,28,202606454,1,4,1880,"SINGLE_FAMILY"
216471617,"205 Barker St, Athens, TX 75751","Athens",TX,55000,1317,872,190.16,30,26000536,2,2,2005,"MANUFACTURED"
192075145,"1018 Shallowford Rd, Chattanooga, TN 37411","Chattanooga",TN,50000,1184,776,186.26,16,1532262,0,0,0,"LOT"
33403881,"1449 Clearaire Rd, Cleveland, OH 44110","Cleveland",OH,60000,1428,928,185.68,60,226010193,4,2,1924,"SINGLE_FAMILY"
102146876,"475 E Court St, Marion, NC 28752","Marion",NC,74900,1681,1158,185.47,11,4356131,2,1,1900,"MANUFACTURED"
233504989,"140 S Main St, Carsonville, MI 48419","Carsonville",MI,55000,1338,843,183.86,80,25055148,3,2,1990,"SINGLE_FAMILY"
88557499,"19140 Algonac St, Detroit, MI 48234","Detroit",MI,54000,1268,808,179.65,49,20251055097,2,1,1939,"SINGLE_FAMILY"
76345640,"132 Madison St, Macon, GA 31201","Macon",GA,72000,1565,1043,173.87,24,10615439,3,2,1900,"SINGLE_FAMILY"
242751150,"2958 Mountain View Road #F, Silverdale, WA 98383","Silverdale",WA,109500,2249,1567,171.75,3,2483982,2,2,1979,"MANUFACTURED"
3064293,"3103 Woodside Dr, Jackson, MS 39212","Jackson",MS,55000,1248,784,170.96,49,4137500,3,2,1956,"SINGLE_FAMILY"
60861429,"9111 66th Avenue NW #101, Gig Harbor, WA 98332","Gig Harbor",WA,89950,1863,1278,170.49,0,2468060,2,2,1994,"MANUFACTURED"
113258846,"1009 Brighton Jones Blvd, Gilchrist, TX 77650","Gilchrist",TX,97500,2013,1350,166.17,42,49618840,0,0,0,"LOT"
30342677,"5057 Lake Shore Rd, Hamburg, NY 14075","Hamburg",NY,59500,1466,808,162.86,221,B1656305,3,1,1930,"LOT"
106076904,"215 W Nezpique St, Jennings, LA 70546","Jennings",LA,89900,1845,1216,162.31,45,SWL25002463,4,2,1944,"SINGLE_FAMILY"
42132346,"768 Ayers St, Memphis, TN 38107","Memphis",TN,56500,1217,757,160.76,37,10208547,3,1,1960,"SINGLE_FAMILY"
90245368,"305 Lakeview Ave, Palestine, TX 75801","Palestine",TX,65000,1425,865,159.63,96,102994,3,1,0,"SINGLE_FAMILY"
344633524,"152 quest LOT 3, Spring Branch, TX 78070","Spring Branch",TX,90000,1897,1194,159.22,87,1880736,0,0,0,"LOT"
53323653,"612 Manchester, Merkel, TX 79536","Merkel",TX,79900,1666,1057,158.82,73,21174513,3,1,1932,"SINGLE_FAMILY"
233556703,"104 W Peterson Street, Edenton, NC 27932","Edenton",NC,60000,1298,794,158.74,64,100513549,2,2,1960,"SINGLE_FAMILY"
2072690239,"31755 Gambel Ln E, Davenport, WA 99122","Davenport",WA,79900,1631,1055,158.45,40,202615007,0,0,0,"LOT"
2058082956,"0 Yarbrough Drive, Orondo, WA 98843","Orondo",WA,89900,1816,1165,155.57,59,2503033,0,0,0,"LOT"
4248969,"14826 Robey Ave, Harvey, IL 60426","Harvey",IL,90000,2183,1161,154.77,437,12480288,3,2,1925,"SINGLE_FAMILY"
3046753,"1346 Fernwood Dr, Jackson, MS 39213","Jackson",MS,60000,1296,773,154.52,84,4140856,3,2,1955,"SINGLE_FAMILY"
88669188,"13150 Glenfield St, Detroit, MI 48213","Detroit",MI,59300,1253,751,152.04,65,20251059198,2,2,1950,"SINGLE_FAMILY"
54450786,"2764 Shell Bark Rd, Decatur, GA 30035","Decatur",GA,79000,1712,994,150.92,187,10716264,3,3,1975,"TOWNHOUSE"
88165922,"18954 Beland St, Detroit, MI 48234","Detroit",MI,59900,1230,746,149.5,44,20261019333,2,1,1949,"SINGLE_FAMILY"
247564223,"42 Greenbriar Ave, Burneyville, OK 73430","Burneyville",OK,119000,2673,1478,149.04,188,2607252,4,3,2019,"SINGLE_FAMILY"
2064459952,"4729 Wild Plum Ct #112, Memphis, TN 38118","Memphis",TN,60000,1233,745,149.02,48,10216089,2,2,1974,"CONDO"
210220230,"1881 Kitchens Rd, Macon, GA 31211","Macon",GA,52900,1087,644,146.07,38,260749,3,1,1958,"SINGLE_FAMILY"
85715679,"2 N Pearl St, Knox, IN 46534","Knox",IN,69000,1507,837,145.62,186,834186,4,3,1900,"SINGLE_FAMILY"
88743380,"20255 Santa Rosa Dr, Detroit, MI 48221","Detroit",MI,55000,1151,664,144.82,72,20261023708,2,1,1946,"SINGLE_FAMILY"
52953607,"103 SW 3rd St, Webster, FL 33597","Webster",FL,55000,1140,661,144.26,63,TB8469787,2,1,2003,"MANUFACTURED"
118591467,"3026 Hilltop Rd, Granbury, TX 76048","Granbury",TX,119900,2275,1433,143.38,105,21184130,4,2,2010,"SINGLE_FAMILY"
2085658676,"5790 Scottdale Rd, Saint Joseph, MI 49085","Saint Joseph",MI,74900,1470,889,142.51,69,26014000,0,0,0,"LOT"
93880171,"100 N 6th St, Patterson, IA 50218","Patterson",IA,90000,1852,1065,141.98,202,732941,3,2,1900,"SINGLE_FAMILY"
946172,"3664 43rd Ave N, Birmingham, AL 35207","Birmingham",AL,65000,1269,765,141.26,40,21443948,3,2,1964,"SINGLE_FAMILY"
26224157,"1315 ALAMETOS, San Antonio, TX 78201","San Antonio",TX,165000,3580,1940,141.07,693,1820609,5,4,1941,"SINGLE_FAMILY"
51333374,"200 E Herndon St, Shreveport, LA 71101","Shreveport",LA,67500,1305,787,139.96,42,20294293,4,1,1950,"SINGLE_FAMILY"
77954912,"2009 North St, Gulfport, MS 39507","Gulfport",MS,95000,1790,1102,139.21,79,4128653,4,1,1960,"SINGLE_FAMILY"
338170051,"2020 Trinity Pines Dr, Hayfork, CA 96041","Hayfork",CA,69000,1375,798,138.85,93,2112312,1,1,1970,"SINGLE_FAMILY"
102617232,"887 1st Avenue S, Okanogan, WA 98840","Okanogan",WA,89000,1673,1025,138.17,68,2477545,2,1,1910,"SINGLE_FAMILY"
88188680,"18712 Waltham St, Detroit, MI 48205","Detroit",MI,65000,1250,738,136.32,48,20261017457,3,2,1939,"SINGLE_FAMILY"
94587501,"8921 S Main St, Ora, IN 46968","Ora",IN,64000,1252,721,135.25,71,834189,3,1,1990,"SINGLE_FAMILY"
2056820209,"861X Copper Sunset Trl, Mayer, AZ 86333","Mayer",AZ,75000,1378,842,134.7,24,1080906,0,0,0,"LOT"
191797397,"4420 S Arizona Cir, Fort Mohave, AZ 86426","Fort Mohave",AZ,84900,1547,952,134.6,35,037698,0,0,0,"LOT"
231070105,"188 Broadlands Dr, Eatonton, GA 31024","Eatonton",GA,100000,1968,1122,134.6,46,10727119,0,0,0,"LOT"
461359845,"2985 Mercer University Dr #2, Macon, GA 31204","Macon",GA,60000,1158,671,134.12,48,183747,4,2,1965,"MULTI_FAMILY"
2077415788,"746 Arbolada Dr, Coulterville, CA 95311","Coulterville",CA,95000,1745,1054,133.2,82,226040619,0,0,0,"LOT"
401787067,"3300 15th St W Space 383, Rosamond, CA 93560","Rosamond",CA,119900,2177,1323,132.39,125,26001452,3,2,1976,"SINGLE_FAMILY"
47445771,"147 2ND Way, Interlachen, FL 32148","Interlachen",FL,60000,1162,658,131.55,64,2131163,3,2,1966,"MANUFACTURED"
193659844,"304 W Trilby St, Wrightsville, GA 31096","Wrightsville",GA,69000,1249,747,129.97,18,10457226,3,1,1936,"SINGLE_FAMILY"
94588167,"101 S Hamlet St, Hamlet, IN 46532","Hamlet",IN,64000,1181,692,129.69,30,834184,3,1,1960,"SINGLE_FAMILY"
194069056,"281 Kimmes Ln, Breckenridge, CO 80424","Breckenridge",CO,221000,3937,2349,127.53,249,S1056602,0,0,0,"LOT"
460701363,"1015 Westlake Blvd, Bessemer, AL 35020","Bessemer",AL,73900,1329,784,127.37,38,21444636,4,2,1965,"SINGLE_FAMILY"
42200715,"2811 Ketchum Rd, Memphis, TN 38114","Memphis",TN,89900,1642,951,126.9,107,10204479,6,2,1950,"SINGLE_FAMILY"
91291520,"519 E Harvey Ave, Wellington, KS 67152","Wellington",KS,55000,1075,581,126.74,78,667186,3,2,1922,"SINGLE_FAMILY"
2056820208,"860X Copper Sunset Trl, Mayer, AZ 86333","Mayer",AZ,75000,1327,791,126.54,24,1080907,0,0,0,"LOT"
19088765,"6380 15th Avenue, Lucerne, CA 95458","Lucerne",CA,65000,1205,685,126.52,56,326030176,2,1,1972,"MANUFACTURED"
460955717,"840 N Broad St, New Orleans, LA 70119","New Orleans",LA,99000,1761,1044,126.5,89,2546581,2,2,1978,"SINGLE_FAMILY"
120581696,"348 Arthur St, Montgomery, AL 36107","Montgomery",AL,54900,1012,574,125.42,23,568707,3,1,1930,"SINGLE_FAMILY"
42142558,"1694 Walker Ave, Memphis, TN 38114","Memphis",TN,129900,2275,1357,125.37,140,10213614,7,2,1905,"SINGLE_FAMILY"
73409788,"627 Tennessee St, Gary, IN 46402","Gary",IN,80000,1448,832,124.87,79,833327,3,2,1924,"SINGLE_FAMILY"
78813853,"2512 Bridge St, Gatesville, TX 76528","Gatesville",TX,70000,1302,728,124.77,86,21146462,3,2,1940,"SINGLE_FAMILY"
2082880945,"50 Duchess Creek Dr, Porum, OK 74455","Porum",OK,55000,1013,570,124.41,27,2612548,0,0,0,"LOT"
88325532,"20161 Yonka St, Detroit, MI 48234","Detroit",MI,69800,1264,709,121.84,68,20251059150,3,1,1948,"SINGLE_FAMILY"
72341786,"1410 W Flamingo Ave Trailer 49, Nampa, ID 83651","Nampa",ID,79900,1405,806,120.99,63,98977730,3,2,1976,"MANUFACTURED"
2062317287,"3771 S Deer Valley Dr #151, Magna, UT 84044","Magna",UT,55000,2100,553,120.61,22,2147529,3,2,1995,"MANUFACTURED"
344603640,"324 Truax LOT 19, San Antonio, TX 78204","San Antonio",TX,78000,1423,781,120.17,115,1955619,0,0,0,"LOT"
50385291,"4150 Crow Rd APT 4, Beaumont, TX 77706","Beaumont",TX,92000,1680,918,119.75,167,264918,2,2,0,"TOWNHOUSE"
77996369,"112 31st St, Gulfport, MS 39507","Gulfport",MS,67500,1200,671,119.36,52,4128322,3,1,1950,"SINGLE_FAMILY"
2079869247,"10 Vista De Oro, Placitas, NM 87043","Placitas",NM,119900,2013,1190,119.08,76,1101260,0,0,0,"LOT"
85203574,"2520 S Andrews Rd, Yorktown, IN 47396","Yorktown",IN,79900,1412,791,118.84,85,22079759,3,1,1940,"SINGLE_FAMILY"
105164810,"201 Beetree Ave, Nashville, GA 31639","Nashville",GA,79000,1348,780,118.52,36,148329,3,2,1940,"SINGLE_FAMILY"
245807950,"26 N 4th St, Mc Gill, NV 89318","Mc Gill",NV,59900,1143,585,117.23,118,2767085,2,1,1930,"SINGLE_FAMILY"
2084937713,"2274 W Henderson Avenue, Porterville, CA 93257","Porterville",CA,75000,1304,723,115.66,69,240779,0,0,0,"LOT"
7365703,"4965 E Allen Ave, Flagstaff, AZ 86004","Flagstaff",AZ,135000,2123,1300,115.56,21,203934,3,2,1988,"MANUFACTURED"
7315828,"320 Brownlee Ln, Sun Valley, NV 89433","Sun Valley",NV,159000,2472,1520,114.7,34,11637490,2,2,1985,"MANUFACTURED"
103377328,"706 SW 21st St, Cape Coral, FL 33991","Cape Coral",FL,108500,1800,1031,113.99,95,A4687977,0,0,0,"LOT"
235411061,"2444 Crooked Road, Pagosa Springs, CO 81147","Pagosa Springs",CO,100000,1618,934,112.1,51,832909,0,0,0,"LOT"
443660889,"807 County Road 6, Renville, MN 56284","Renville",MN,75000,1274,698,111.66,64,6720071,3,1,1910,"SINGLE_FAMILY"
88336925,"4224 W Davison, Detroit, MI 48238","Detroit",MI,74800,1260,686,110.02,63,20251059159,3,2,1946,"SINGLE_FAMILY"
77999534,"2535 Tandy Dr, Gulfport, MS 39503","Gulfport",MS,86000,1425,786,109.62,74,4126578,3,2,1976,"SINGLE_FAMILY"
19089739,"12860 2nd St, Clearlake Oaks, CA 95423","Clearlake Oaks",CA,73000,1227,663,108.98,61,LC26031809,1,1,1970,"MANUFACTURED"
113034127,"325 Morse Ave, Stinnett, TX 79083","Stinnett",TX,50000,906,452,108.52,62,25-5316,2,1,0,"SINGLE_FAMILY"
72813298,"530 5th St, Montgomery, AL 36110","Montgomery",AL,88999,1401,798,107.56,23,21449321,5,2,1956,"SINGLE_FAMILY"
50405541,"7570 Tall Pine St, Beaumont, TX 77713","Beaumont",TX,78000,1242,697,107.24,18,265714,2,2,0,"MANUFACTURED"
230728740,"1349 Point Mountain Rd, Webster Springs, WV 26288","Webster Springs",WV,65000,1064,578,106.65,22,10162995,3,2,1952,"SINGLE_FAMILY"
2086205681,"69 Mill Street, Harrington, ME 04643","Harrington",ME,130000,2054,1155,106.58,121,1644054,5,1,1930,"SINGLE_FAMILY"
246308499,"651 S Snowflake Ln, Brian Head, UT 84719","Brian Head",UT,110000,2136,975,106.35,180,114147,4,3,1972,"TOWNHOUSE"
50393863,"1317 Rev Raymond Scott Ave, Port Arthur, TX 77640","Port Arthur",TX,79900,1412,698,104.89,178,253759,2,1,0,"SINGLE_FAMILY"
66069470,"145 Echo Rd, Glocester, RI 02814","Glocester",RI,149900,2364,1302,104.25,188,1409695,2,1,1940,"SINGLE_FAMILY"
76143930,"334 S 21st St, West Memphis, AR 72301","West Memphis",AR,108000,1635,934,103.74,30,46250,4,2,0,"SINGLE_FAMILY"
461545269,"12257 W Jeffries Fwy, Detroit, MI 48204","Detroit",MI,55000,974,474,103.51,84,20261022461,2,1,1924,"SINGLE_FAMILY"
85133139,"732 Barclay St, Logansport, IN 46947","Logansport",IN,65000,1070,561,103.48,45,202604607,2,1,1900,"SINGLE_FAMILY"
2089403212,"0 XXX Game Trail Road, Cle Elum, WA 98922","Cle Elum",WA,179000,2676,1522,102.05,106,2497275,0,0,0,"LOT"
26228748,"230 CHICKERING AVE, San Antonio, TX 78210","San Antonio",TX,75000,1307,629,100.65,166,1939374,2,1,1947,"SINGLE_FAMILY"
109234755,"4641 Saddle Ridge Dr SE, Owens Cross Roads, AL 35763","Owens Cross Roads",AL,100000,1539,839,100.64,67,1789721,0,0,0,"SINGLE_FAMILY"
95504196,"42474 Garnet Ln, Shaver Lake, CA 93664","Shaver Lake",CA,139888,2215,1167,100.1,222,646765,0,0,0,"LOT"
22731797,"607 Palatine Ave, Fairmont, WV 26554","Fairmont",WV,59000,1057,490,99.57,132,10162609,2,1,1930,"SINGLE_FAMILY"
50776289,"400 E Cotton St, Longview, TX 75601","Longview",TX,149000,2306,1229,99,207,21136456,4,4,1946,"SINGLE_FAMILY"
24938605,"828 Olivina Ave APT 11, Livermore, CA 94551","Livermore",CA,169888,2392,1399,98.82,22,41129132,2,2,0,"MANUFACTURED"
70143458,"718 W Harrison St, Reidsville, NC 27320","Reidsville",NC,99900,1474,799,95.93,43,10081227,4,1,1922,"SINGLE_FAMILY"
2058678976,"1537-1557 Braley Rd N #10, Youngstown, NY 14174","Youngstown",NY,72900,1212,582,95.74,128,B1669926,0,0,0,"LOT"
2098541374,"0 Morning Dove Trl, Alice, TX 78332","Alice",TX,70000,1118,557,95.47,73,473950,0,0,0,"LOT"
448036419,"324 Avenue N, Beaver, OK 73932","Beaver",OK,85000,1348,675,95.36,112,1210895,4,2,1970,"SINGLE_FAMILY"
200677372,"2013 32nd Ave, Gulfport, MS 39501","Gulfport",MS,90000,1386,713,95.12,88,4132137,3,2,2006,"MULTI_FAMILY"
247800996,"103 B Ave, Seneca, OR 97873","Seneca",OR,99000,1434,782,94.79,24,220214299,3,1,0,"SINGLE_FAMILY"
216784310,"1448 County Road 1344, Chickasha, OK 73018","Chickasha",OK,139500,2091,1102,94.77,148,1219279,4,2,2022,"MANUFACTURED"
230515439,"61 Fairview Rd, Andrews, NC 28901","Andrews",NC,175000,2473,1376,94.35,102,157982,5,2,1903,"SINGLE_FAMILY"
174736152,"611 16th St N, Bessemer, AL 35020","Bessemer",AL,66700,1067,517,93.08,77,21441880,3,1,1920,"SINGLE_FAMILY"
88591710,"16155 Trinity St, Detroit, MI 48219","Detroit",MI,80000,1303,620,93.06,146,20261023516,3,1,1925,"SINGLE_FAMILY"
232932117,"2804 Highway 568, Ferriday, LA 71334","Ferriday",LA,73000,1131,566,93,63,11587888,2,1,0,"SINGLE_FAMILY"
88267393,"16176 Tracey St, Detroit, MI 48235","Detroit",MI,89900,1333,696,92.95,52,20251058606,3,2,1930,"SINGLE_FAMILY"
2058863713,"Us Highway 270, Heavener, OK 74937","Heavener",OK,60600,941,465,92.16,33,11687967,0,0,0,"LOT"
108424200,"6400 E Sundew Marsh Trl, Panama City Beach, FL 32413","Panama City Beach",FL,215000,3007,1638,91.45,130,787770,0,0,0,"LOT"
78907767,"1603 Speedway Ave, Wichita Falls, TX 76301","Wichita Falls",TX,55000,974,415,90.49,144,21145563,2,1,1929,"SINGLE_FAMILY"
243774560,"Tower Rd, Brodnax, VA 23920","Brodnax",VA,99900,1389,748,89.89,8,141939,0,0,0,"LOT"
336116048,"402 N 3rd St, Crowell, TX 79227","Crowell",TX,55000,881,411,89.71,54,21160997,2,1,1940,"SINGLE_FAMILY"
17483673,"13331 Holly St, Trona, CA 93562","Trona",CA,129999,1927,970,89.58,178,SW26039490,3,2,1943,"SINGLE_FAMILY"
42130008,"32 N Belvedere Blvd APT 10, Memphis, TN 38104","Memphis",TN,72000,1104,536,89.4,70,10211061,2,1,1962,"CONDO"
77996954,"2801 Gulf Ave, Gulfport, MS 39501","Gulfport",MS,80000,1182,596,89.37,50,4125764,3,1,1955,"SINGLE_FAMILY"
261564,"209 Cross St, Ward, AR 72176","Ward",AR,109500,1569,811,88.87,79,26004201,3,2,2000,"SINGLE_FAMILY"
81797271,"8997 Cambria CIR #2002, Naples, FL 34113","Naples",FL,375000,6392,2775,88.79,238,225072126,2,2,2011,"CONDO"
52463877,"64625 Pierson Blvd Space A20, Desert Hot Springs, CA 92240","Desert Hot Springs",CA,149000,1974,1096,88.3,8,219143045DA,3,2,1970,"MANUFACTURED"
77992659,"120 Carson Dr, Gulfport, MS 39503","Gulfport",MS,85000,1236,619,87.33,57,4126634,3,1,1970,"SINGLE_FAMILY"
15961487,"1210 Cacique St Space 14, Santa Barbara, CA 93103","Santa Barbara",CA,275000,3761,1987,86.71,245,26-421,2,2,1959,"MANUFACTURED"
452132124,"1712 Manor Pl, Dayton, OH 45406","Dayton",OH,84900,1285,607,85.75,118,956703,3,1,1930,"SINGLE_FAMILY"
213376313,"8494 Pansy Ave, San Angelo, TX 76901","San Angelo",TX,79000,1120,564,85.72,24,200200,2,1,2015,"MANUFACTURED"
91543562,"57 Sabio Way, Chelan, WA 98816","Chelan",WA,160000,2234,1141,85.59,95,2500684,0,0,0,"LOT"
88391230,"10785 E Outer Dr, Detroit, MI 48224","Detroit",MI,75000,1118,528,84.47,78,20261017448,2,1,1940,"SINGLE_FAMILY"
22093329,"11201 S Edgewater Rd, Claremore, OK 74017","Claremore",OK,125000,1731,878,84.28,99,2611962,3,3,1985,"SINGLE_FAMILY"
77996942,"2811 Gulf Ave, Gulfport, MS 39501","Gulfport",MS,80000,1144,561,84.13,47,4125759,3,1,1940,"SINGLE_FAMILY"
77952887,"731 Carter Dr, Gulfport, MS 39507","Gulfport",MS,130000,1792,904,83.44,110,4128781,4,3,1970,"SINGLE_FAMILY"
449851944,"22 Olive Ave, Lakewood, NY 14750","Lakewood",NY,85000,1296,587,82.81,149,R1657811,2,1,1910,"SINGLE_FAMILY"
77999490,"2537 W David Dr, Gulfport, MS 39503","Gulfport",MS,100000,1393,688,82.59,72,4126017,3,2,1974,"SINGLE_FAMILY"
36861240,"7023 Edgemont Rd, Frederick, MD 21702","Frederick",MD,200000,2840,1376,82.53,298,MDFR2077792,4,3,1940,"SINGLE_FAMILY"
45501367,"530 Sun Up St, North Fort Myers, FL 33917","North Fort Myers",FL,119900,1809,823,82.36,77,P4937633,2,2,1981,"MANUFACTURED"
457102211,"589 Altidore Ave, Dale, TX 78616","Dale",TX,134900,1934,923,82.15,209,610115,0,0,0,"LOT"
79227685,"2013 Saint Denis Ave, Norfolk, VA 23509","Norfolk",VA,150000,2126,1027,82.13,225,10623369,3,2,1922,"SINGLE_FAMILY"
51331202,"9304 Simpson Rd, Shreveport, LA 71129","Shreveport",LA,189900,2615,1291,81.59,256,21002955,3,2,1999,"SINGLE_FAMILY"
54982793,"17776 Red Bud Ln APT 12, Shasta Lake, CA 96019","Shasta Lake",CA,59000,1494,399,81.23,3,26648625,2,2,1974,"MANUFACTURED"
442316514,"302 N Martin Luther King Jr Blvd, Wichita Falls, TX 76306","Wichita Falls",TX,80000,1114,540,80.99,38,175964,3,1,1925,"SINGLE_FAMILY"
19463648,"18035 Mobley Springs Rd, Nevada City, CA 95959","Nevada City",CA,92000,1294,621,80.95,79,226041292,0,0,0,"LOT"
243688650,"569 Langtry St, Comstock, TX 78837","Comstock",TX,89000,1197,599,80.82,18,208165,3,2,1986,"MANUFACTURED"
460307394,"1278 N And South Rd Unit 1278, Saint Louis, MO 63130","Saint Louis",MO,115000,1814,773,80.68,110,26006333,2,2,1966,"CONDO"
77998505,"13412 Windridge Dr, Gulfport, MS 39503","Gulfport",MS,107000,1512,716,80.28,129,4127031,3,2,1992,"SINGLE_FAMILY"
232813116,"345 N Oliver St, Elberton, GA 30635","Elberton",GA,149900,1972,993,79.46,105,10580936,7,2,1928,"SINGLE_FAMILY"
70830118,"1203 Waldrop Pl, Decatur, GA 30034","Decatur",GA,89999,1590,593,79.1,162,7731329,3,2,2004,"CONDO"
247155855,"858 Hoke Ogden Rd, Odum, GA 31555","Odum",GA,180000,2299,1185,79.03,94,10700748,3,3,2006,"SINGLE_FAMILY"
46358793,"5318 Astrid Dr, Zephyrhills, FL 33541","Zephyrhills",FL,89000,1241,584,78.74,39,TB8501184,2,1,1983,"MANUFACTURED"
2067844963,"50 Mountain Vista Drive, Sparta, NC 28675","Sparta",NC,56500,895,369,78.32,28,260941,0,0,0,"LOT"
48055468,"5408 Barhydt Ave, Port Orange, FL 32127","Port Orange",FL,140000,1862,910,78.04,125,1223609,3,2,1972,"MANUFACTURED"
206706368,"106 E Magnolia Ave, Electra, TX 76360","Electra",TX,79000,1050,512,77.83,6,21200838,2,1,1935,"SINGLE_FAMILY"
29015449,"230 Hovenkamp St, Keller, TX 76248","Keller",TX,279500,3825,1799,77.23,476,21095632,3,2,1970,"SINGLE_FAMILY"
87299021,"120 N Plum, Pearsall, TX 78061","Pearsall",TX,95000,1344,609,76.94,126,1945130,3,1,0,"SINGLE_FAMILY"
35085406,"804 Linden Ave, Dayton, OH 45410","Dayton",OH,99000,1342,634,76.82,80,953145,3,2,1919,"SINGLE_FAMILY"
193800892,"301 Water St, Zapata, TX 78076","Zapata",TX,81500,1132,518,76.31,70,20260485,1,2,2025,"SINGLE_FAMILY"
36521152,"1610 McHenry St, Baltimore, MD 21223","Baltimore",MD,135000,1677,857,76.18,18,MDBA2206598,3,2,1920,"TOWNHOUSE"
2062798627,"LOT 5 Horse Creek Rd, Dubois, WY 82513","Dubois",WY,114000,1483,722,76.04,60,26-675,0,0,0,"LOT"
2111818318,"5284 Flowering Peach Dr #5284, Memphis, TN 38115","Memphis",TN,70000,987,443,75.91,56,10207745,2,2,1973,"TOWNHOUSE"
2059022641,"LOT 58A1 Goose Ln, Hilham, TN 38568","Hilham",TN,89929,1254,569,75.9,46,243386,0,0,0,"LOT"
2067844954,"51 Mountain Vista Drive, Sparta, NC 28675","Sparta",NC,57500,895,363,75.85,29,260948,0,0,0,"LOT"
2071686600,"0 Ridgway Rd, Pine Bluff, AR 71603","Pine Bluff",AR,60000,871,378,75.62,53,26014192,0,0,0,"LOT"
2118216373,"0 Wareham Rd, Plymouth, MA 02360","Plymouth",MA,199000,2531,1239,74.7,181,73492601,0,0,0,"LOT"
95510165,"42142 Opal Ln, Shaver Lake, CA 93664","Shaver Lake",CA,167677,2224,1042,74.55,222,646764,0,0,0,"LOT"
42155191,"1234 Smith Ave, Memphis, TN 38107","Memphis",TN,60000,873,373,74.54,60,10210604,2,2,1956,"SINGLE_FAMILY"
42230977,"2938 Conti Cv, Memphis, TN 38127","Memphis",TN,65000,953,400,73.91,89,10214276,3,1,1973,"SINGLE_FAMILY"
19003865,"8536 Kern Canyon Rd Space 184, Bakersfield, CA 93306","Bakersfield",CA,130000,1589,799,73.73,12,WS26055659,2,2,1988,"MANUFACTURED"
120683178,"130 N Trevino, Pearsall, TX 78061","Pearsall",TX,85000,1192,519,73.23,113,1876723,3,1,0,"SINGLE_FAMILY"
7455144,"616 W Granada Dr, Quartzsite, AZ 85346","Quartzsite",AZ,110000,1448,665,72.52,52,1039725,1,2,1968,"MANUFACTURED"
2057192844,"75657 Banyon St, Chiloquin, OR 97624","Chiloquin",OR,76000,981,458,72.3,6,220217446,1,1,0,"SINGLE_FAMILY"
232006729,"20 County Road 505, Mc Crory, AR 72101","Mc Crory",AR,199000,2328,1189,71.67,28,26013242,6,4,1985,"SINGLE_FAMILY"
52950094,"9374 County Road 657, Bushnell, FL 33513","Bushnell",FL,125000,1557,744,71.45,59,TB8471345,3,2,1984,"MANUFACTURED"
78896288,"1609 Orchard Ave, Wichita Falls, TX 76301","Wichita Falls",TX,70000,1062,417,71.41,157,175852,3,1,1952,"SINGLE_FAMILY"
2067844960,"52 Mountain Vista Drive, Sparta, NC 28675","Sparta",NC,59500,896,354,71.35,30,260950,0,0,0,"LOT"
28812012,"1638 Birch Pl, Corpus Christi, TX 78416","Corpus Christi",TX,100000,1235,595,71.35,7,467189,3,1,1955,"SINGLE_FAMILY"
73819060,"12 Avoyelles Pl, New Orleans, LA 70129","New Orleans",LA,145000,1836,861,71.25,125,2538335,3,2,1979,"SINGLE_FAMILY"
314021,"2501 S Pine St, Little Rock, AR 72204","Little Rock",AR,73000,956,431,70.9,22,26001556,2,1,1941,"SINGLE_FAMILY"
455607279,"1302 Avenue E, Ralls, TX 79357","Ralls",TX,129900,1720,764,70.58,178,202600537,3,2,1940,"SINGLE_FAMILY"
2054092432,"742 Kit Dr, Crestview, FL 32536","Crestview",FL,149900,1907,879,70.38,154,937880,4,2,1949,"SINGLE_FAMILY"
46882644,"3601 S Ocean Boulevard #307, South Palm Beach, FL 33480","South Palm Beach",FL,375000,5143,2177,69.68,117,R11149284,2,3,1984,"CONDO"
26726438,"3815 Cauthorn Dr, Dallas, TX 75210","Dallas",TX,135000,1902,783,69.6,317,21122633,3,2,1948,"SINGLE_FAMILY"
2060302965,"3087 S Homecrest St, West Valley City, UT 84119","West Valley City",UT,59900,1660,346,69.34,24,2130138,2,1,1970,"MANUFACTURED"
52953610,"20 SW 3rd St, Webster, FL 33597","Webster",FL,125000,1538,720,69.08,64,TB8467818,3,2,1992,"MANUFACTURED"
50353391,"790 Pinchback Rd, Beaumont, TX 77707","Beaumont",TX,127000,1853,725,68.53,364,264513,4,2,0,"SINGLE_FAMILY"
88297871,"11894 Glenfield St, Detroit, MI 48213","Detroit",MI,115000,1479,656,68.48,117,20261011255,5,2,1925,"SINGLE_FAMILY"
6757743,"5905 Anaheim Ave NE, Albuquerque, NM 87113","Albuquerque",NM,169000,2147,954,67.72,227,1100991,4,2,1972,"MANUFACTURED"
10262091,"2319 N Fairhill St, Philadelphia, PA 19133","Philadelphia",PA,125000,1652,704,67.54,195,PAPH2548038,3,1,1915,"TOWNHOUSE"
95046338,"2233 Baywood Way, Willits, CA 95490","Willits",CA,125000,1535,703,67.53,78,326024084,1,1,2016,"SINGLE_FAMILY"
455932722,"1325 Fairview Avenue N, Seattle, WA 98102","Seattle",WA,150000,1817,840,67.18,102,2420257,1,1,1984,"SINGLE_FAMILY"
41812416,"124 Glendale St, Jackson, TN 38301","Jackson",TN,159900,1901,886,66.48,93,2505511,3,2,1935,"SINGLE_FAMILY"
54260653,"424 32nd Rd Trailer 374, Clifton, CO 81520","Clifton",CO,85000,1707,470,66.37,6,20261091,2,2,2000,"MANUFACTURED"
26133092,"217 LANCASTER, San Antonio, TX 78214","San Antonio",TX,102900,1395,567,66.13,181,1862866,4,1,1935,"SINGLE_FAMILY"
110815574,"402 Boulevard St, Fort Valley, GA 31030","Fort Valley",GA,154999,1961,849,65.7,213,10683497,6,3,1922,"SINGLE_FAMILY"
458694297,"8506 NE 34th Pl, Spencer, OK 73084","Spencer",OK,125000,1545,683,65.54,108,1204418,3,2,2024,"SINGLE_FAMILY"
447584747,"2613 Arkansas Creek Rd, Martin, KY 41649","Martin",KY,65000,859,354,65.42,41,25500769,2,1,0,"SINGLE_FAMILY"
2109221062,"7601 Simmerly Road, Laytonville, CA 95454","Laytonville",CA,149000,1822,809,65.18,143,325096120,1,1,0,"SINGLE_FAMILY"
122733040,"100 N Files St, Itasca, TX 76055","Itasca",TX,164900,1928,895,65.14,86,21189193,3,3,1949,"SINGLE_FAMILY"
70146340,"5 Circle Dr, Reidsville, NC 27320","Reidsville",NC,94900,1159,514,64.98,37,10081233,2,1,1927,"SINGLE_FAMILY"
2067856121,"54 Twin Oaks Mtn Boulevard, Sparta, NC 28675","Sparta",NC,62500,895,337,64.66,31,260954,0,0,0,"LOT"
19434762,"10191 W River St, Truckee, CA 96161","Truckee",CA,499000,5352,2683,64.53,58,20242409,3,2,0,"SINGLE_FAMILY"
26374003,"8514 Standing Rock, San Antonio, TX 78242","San Antonio",TX,89000,1214,476,64.15,158,1931014,3,1,1972,"SINGLE_FAMILY"
200677369,"2015 32nd Ave, Gulfport, MS 39501","Gulfport",MS,90000,1155,480,64.02,90,4131249,3,2,2006,"MULTI_FAMILY"
99365703,"34208 343rd Avenue Ct E, Ashford, WA 98304","Ashford",WA,199999,2259,1064,63.84,51,2495596,1,1,2025,"SINGLE_FAMILY"
122631530,"3 Brennan St, Bradford, PA 16701","Bradford",PA,99999,1376,532,63.78,211,1744214,3,2,1910,"SINGLE_FAMILY"
70156091,"22 Circle Dr, Reidsville, NC 27320","Reidsville",NC,94900,1132,500,63.21,24,10081230,2,1,1927,"SINGLE_FAMILY"
2057895393,"5 A Lester Road, Ellensburg, WA 98926","Ellensburg",WA,149000,1742,784,63.14,88,2496075,0,0,0,"LOT"
2057895859,"3 A Lester Road, Ellensburg, WA 98926","Ellensburg",WA,149000,1742,784,63.14,88,2494790,0,0,0,"LOT"
94317703,"308 W Dunn St, Fulton, IN 46931","Fulton",IN,84000,1057,442,63.12,59,202549075,3,1,1900,"SINGLE_FAMILY"
88110174,"15859 Cloverlawn St, Detroit, MI 48238","Detroit",MI,99900,1267,524,62.89,111,20261000598,4,1,1928,"MULTI_FAMILY"
30212374,"46 Hillery Ave, Buffalo, NY 14210","Buffalo",NY,149900,1736,783,62.7,79,B1660521,3,2,1935,"SINGLE_FAMILY"
2070353378,"0 Piney Wood Rd, Saluda, SC 29138","Saluda",SC,124900,1464,651,62.57,59,629995,0,0,0,"LOT"
95340233,"77 Grafton Street, Lisbon, NH 03585","Lisbon",NH,269990,3461,1404,62.4,553,5053037,4,4,1880,"SINGLE_FAMILY"
47920201,"2290 Red Oak Rd, Perry, FL 32348","Perry",FL,115000,1337,595,62.07,37,388091,2,1,1998,"SINGLE_FAMILY"
2057066548,"4536 Laine Ave, New Orleans, LA 70126","New Orleans",LA,189000,2282,976,61.99,243,2540521,3,2,2022,"SINGLE_FAMILY"
1046615,"1015 11th St N, Bessemer, AL 35020","Bessemer",AL,69950,890,359,61.62,43,21439279,2,1,1940,"SINGLE_FAMILY"
70026561,"203 Shawnee Dr, Lagrange, GA 30240","Lagrange",GA,257000,3082,1317,61.48,324,10667526,4,4,1988,"SINGLE_FAMILY"
231670972,"601 Travis St, Alleyton, TX 78935","Alleyton",TX,150000,1671,768,61.47,28,3969069,3,2,1996,"SINGLE_FAMILY"
2097163296,"61119 Heritage Blvd #3, South Lyon, MI 48178","South Lyon",MI,109000,1898,555,61.06,122,25048347,2,2,1976,"CONDO"
50353392,"7150 Wall St, Beaumont, TX 77707","Beaumont",TX,89000,1131,452,60.89,99,259635,2,1,0,"SINGLE_FAMILY"
456181062,"436 Pleasant St SW, Grand Rapids, MI 49503","Grand Rapids",MI,231700,2919,1174,60.81,210,25042848,4,2,2025,"CONDO"
456181063,"440 Pleasant St SW, Grand Rapids, MI 49503","Grand Rapids",MI,231700,2919,1174,60.81,210,25042849,4,2,2025,"CONDO"
456181071,"448 Pleasant St SW, Grand Rapids, MI 49503","Grand Rapids",MI,231700,2919,1174,60.81,210,25042853,4,2,2025,"CONDO"
456181092,"452 Pleasant St SW, Grand Rapids, MI 49503","Grand Rapids",MI,231700,2919,1174,60.81,210,25042854,4,2,2025,"CONDO"
2064733669,"22 Mudd Hole Rd, Gap Mills, WV 24941","Gap Mills",WV,79000,960,397,60.26,32,25-749,3,1,1973,"SINGLE_FAMILY"
2057302658,"0 Sage Riv, Newberry, MI 49868","Newberry",MI,105900,1280,528,59.87,90,25-266,2,1,2003,"SINGLE_FAMILY"
1292501,"742 S Addison St, Indianapolis, IN 46221","Indianapolis",IN,84000,1069,413,58.94,101,22093820,2,1,1910,"SINGLE_FAMILY"
2067855930,"55 Twin Oaks Boulevard, Sparta, NC 28675","Sparta",NC,65500,895,321,58.77,33,260955,0,0,0,"LOT"
458095569,"26559 White Oaks Ln, Tecumseh, OK 74873","Tecumseh",OK,69000,863,336,58.42,44,1220108,3,1,1970,"SINGLE_FAMILY"
77999295,"2722 E David Dr, Gulfport, MS 39503","Gulfport",MS,115000,1338,559,58.34,73,4126021,3,2,1970,"SINGLE_FAMILY"
2060616602,"1160 Lester Road, Ellensburg, WA 98926","Ellensburg",WA,155000,1742,751,58.17,92,2492271,0,0,0,"LOT"
87230901,"614 S Pecan St, Henrietta, TX 76365","Henrietta",TX,92000,1313,445,58.11,273,182526,2,2,1977,"SINGLE_FAMILY"
461529553,"6275 Rolling Fork Rd Unit 406-F, Charleston, SC 29406","Charleston",SC,147500,1617,714,58.07,41,26009689,2,2,1984,"CONDO"
79801717,"23002 1/2 W Avenue D15, Lancaster, CA 93536","Lancaster",CA,324000,3437,1562,57.86,110,25006917,4,3,1985,"SINGLE_FAMILY"
447162473,"510 Tri-Lakes Road, Humansville, MO 65674","Humansville",MO,159900,1768,768,57.65,77,60303793,4,2,2024,"SINGLE_FAMILY"
88225153,"10147 Somerset Ave, Detroit, MI 48224","Detroit",MI,110000,1281,527,57.48,73,20261014348,3,1,1939,"SINGLE_FAMILY"
43044072,"4043 NW 16th St APT 207, Lauderhill, FL 33313","Lauderhill",FL,125000,1774,596,57.26,116,A11994250,2,2,1969,"CONDO"
52767013,"4307 Jesenia St, San Juan, TX 78589","San Juan",TX,130000,1443,618,57.09,46,488287,3,2,1983,"SINGLE_FAMILY"
116060306,"204 S Douglas St, West Frankfort, IL 62896","West Frankfort",IL,52900,801,251,57.03,144,25051812,2,1,1918,"SINGLE_FAMILY"
88115324,"16588 Woodingham Dr, Detroit, MI 48221","Detroit",MI,125000,1418,587,56.33,77,20261011233,3,2,1929,"SINGLE_FAMILY"
43468669,"2100 Leewood Blvd, Melbourne, FL 32935","Melbourne",FL,153000,1817,710,55.69,218,1070897,3,2,1961,"SINGLE_FAMILY"
92189185,"32 Grassy Lake Cir, Lake Placid, FL 33852","Lake Placid",FL,89000,1099,412,55.58,107,11618734,1,1,2017,"MANUFACTURED"
78005040,"2801 Woodlawn Ave, Moss Point, MS 39563","Moss Point",MS,119500,1435,553,55.51,155,4138768,3,3,1958,"SINGLE_FAMILY"
43079041,"3083 N Oakland Forest Drive #308, Oakland Park, FL 33309","Oakland Park",FL,182000,2385,839,55.35,39,F10519324,3,2,1986,"CONDO"
458018501,"120 Cottage St #A, Auburn, NY 13021","Auburn",NY,139900,1704,643,55.12,235,R1649619,2,1,2023,"TOWNHOUSE"
458018588,"120 Cottage St #B, Auburn, NY 13021","Auburn",NY,139900,1704,643,55.12,235,R1649620,2,1,2023,"TOWNHOUSE"
45505291,"16027 Tangelo Way, North Fort Myers, FL 33903","North Fort Myers",FL,119900,1651,543,54.38,94,225025417,2,2,1980,"MANUFACTURED"
68885091,"102 N 3910 W, Hurricane, UT 84737","Hurricane",UT,125000,1493,565,54.2,94,26-269792,2,2,1970,"MANUFACTURED"
54088552,"325 S 13th St, Slaton, TX 79364","Slaton",TX,150000,1734,677,54.15,182,202558459,5,3,1958,"SINGLE_FAMILY"
43686557,"7260 Woodstock St, Keystone Heights, FL 32656","Keystone Heights",FL,98900,1130,446,54.11,56,P4937595,2,2,1982,"MANUFACTURED"
22892147,"3204 Mountain View Mnr, Morgantown, WV 26501","Morgantown",WV,92500,1225,415,53.89,80,10163705,2,1,1967,"CONDO"
45770432,"808 53rd Ave E Lot 9, Bradenton, FL 34203","Bradenton",FL,125000,1613,560,53.75,24,A4681130,2,2,1975,"MANUFACTURED"
2075241655,"910 Tropic St, Titusville, FL 32796","Titusville",FL,199000,2246,891,53.72,244,1068776,3,2,1962,"SINGLE_FAMILY"
38614480,"100 228th St SE #19-B, Bothell, WA 98021","Bothell",WA,120000,1272,536,53.63,6,2499764,2,1,1975,"MANUFACTURED"
88275828,"15930 Turner St, Detroit, MI 48238","Detroit",MI,99800,1183,444,53.39,107,20251059219,6,2,1927,"MULTI_FAMILY"
516720,"4339 Barker St SE, Washington, DC 20019","Washington",DC,349900,3506,1551,53.21,64,DCDC2252760,3,1,1940,"SINGLE_FAMILY"
18825172,"77 Mill Rd, Redway, CA 95560","Redway",CA,170000,1872,752,53.08,149,270163,2,1,1970,"SINGLE_FAMILY"
2136730305,"707 E San Jacinto Ave, Crockett, TX 75835","Crockett",TX,100000,1151,441,52.94,77,26001354,4,2,1950,"MULTI_FAMILY"
26415773,"5318 Beryl Cv, San Antonio, TX 78242","San Antonio",TX,160000,1971,700,52.5,348,1931007,5,2,1979,"SINGLE_FAMILY"
2062217714,"1433 Cc Dr, Ashland, KY 41102","Ashland",KY,89000,973,387,52.23,6,25506616,1,1,2025,"SINGLE_FAMILY"
79225730,"3855 Giles Cir, Norfolk, VA 23513","Norfolk",VA,224000,2561,960,51.42,319,10626411,3,2,1946,"SINGLE_FAMILY"
88342092,"15011 Monte Vista St, Detroit, MI 48238","Detroit",MI,110000,1212,471,51.34,60,20261015347,3,1,1927,"SINGLE_FAMILY"
62865780,"2499 Eagleridge Ln, Cordova, TN 38016","Cordova",TN,449000,4869,1916,51.2,501,10217392,4,5,1987,"SINGLE_FAMILY"
904492,"1617 5th St NW, Birmingham, AL 35215","Birmingham",AL,135000,1436,570,50.71,63,21447313,3,2,1960,"SINGLE_FAMILY"
227333742,"116 Malcolm St, Ty Ty, GA 31795","Ty Ty",GA,118900,1236,502,50.67,10,141268,3,2,2018,"MANUFACTURED"
90755231,"507 W North St, Heber Springs, AR 72543","Heber Springs",AR,145000,1468,612,50.63,6,26004992,3,2,1971,"SINGLE_FAMILY"
456443270,"23002 W 1/2 Ave #D15, Lancaster, CA 93536","Lancaster",CA,324000,3437,1353,50.11,319,SR25194114,4,3,1985,"SINGLE_FAMILY"
109115582,"591 Featherston St, Waldron, AR 72958","Waldron",AR,79000,896,326,49.51,38,1328148,3,1,1950,"SINGLE_FAMILY"
319961264,"47 N Humble Ln, Ash Fork, AZ 86320","Ash Fork",AZ,194900,1930,804,49.5,34,1063657,1,1,2020,"SINGLE_FAMILY"
82770709,"12611 Fannin Pkwy, Tyler, TX 75708","Tyler",TX,125000,1352,510,48.98,88,26000534,3,2,1999,"MANUFACTURED"
2077367670,"0 Casas Dr, Unincorporated, TX 99999","Unincorporated",TX,110000,1237,447,48.81,108,911306,1,1,2017,"SINGLE_FAMILY"
87129434,"710 S Magnolia St, Palestine, TX 75801","Palestine",TX,225000,2569,915,48.81,367,21077000,5,3,1910,"SINGLE_FAMILY"
50413228,"1960 N Major Dr, Beaumont, TX 77713","Beaumont",TX,169000,1840,686,48.7,188,262284,4,2,0,"SINGLE_FAMILY"
42252590,"5057 Gill Rd, Memphis, TN 38109","Memphis",TN,109000,1211,441,48.51,94,10216831,4,1,1961,"SINGLE_FAMILY"
27372870,"1921 E San Antonio Ave, El Paso, TX 79901","El Paso",TX,134000,1402,540,48.4,64,927693,3,2,1912,"SINGLE_FAMILY"
211719688,"128 W Thompson Rd, Payson, AZ 85541","Payson",AZ,185000,1818,744,48.26,30,93760,1,1,1968,"MANUFACTURED"
88100894,"13763 Sparling St, Hamtramck, MI 48212","Hamtramck",MI,103900,1132,418,48.24,62,20251008729,3,1,1922,"SINGLE_FAMILY"
70126109,"710 Prince Williams St, Reidsville, NC 27320","Reidsville",NC,109900,1154,441,48.17,32,10081228,2,1,1935,"SINGLE_FAMILY"
113341864,"2107 Pearl St, Portsmouth, VA 23704","Portsmouth",VA,122900,1373,492,48.03,137,10611831,2,2,1939,"SINGLE_FAMILY"
61257715,"14518 Battery Bnd, North Fort Myers, FL 33917","North Fort Myers",FL,109900,1502,440,47.99,70,2025024335,2,2,1976,"MANUFACTURED"
10300456,"2044 E Wishart St, Philadelphia, PA 19134","Philadelphia",PA,145000,1537,579,47.91,108,PAPH2548026,3,1,1920,"TOWNHOUSE"
50748315,"4822 George Saenz Ln, Brownsville, TX 78521","Brownsville",TX,149900,1588,598,47.86,116,29768931,2,2,1973,"SINGLE_FAMILY"
2064423249,"0 E Broadway Avenue Lot 1 -- #-, Apache Junction, AZ 85119","Apache Junction",AZ,169000,1702,671,47.62,65,7005246,0,0,0,"LOT"
26275814,"318 Charcliff, San Antonio, TX 78220","San Antonio",TX,115000,1293,455,47.5,132,1891740,3,1,1952,"SINGLE_FAMILY"
15967660,"2056 Highway 154 #14, Santa Ynez, CA 93460","Santa Ynez",CA,349000,3576,1379,47.4,311,26000162,2,2,1977,"MANUFACTURED"
242809964,"308 Coffee St, Dequincy, LA 70633","Dequincy",LA,124500,1293,487,46.98,54,SWL25102386,3,2,2002,"SINGLE_FAMILY"
45616939,"1160 Tapley Trl, Tallahassee, FL 32311","Tallahassee",FL,199900,2199,782,46.97,301,394625,3,2,1981,"SINGLE_FAMILY"
88353277,"14024 Pembroke Ave, Detroit, MI 48235","Detroit",MI,124900,1416,488,46.87,175,20261023375,3,1,1951,"SINGLE_FAMILY"
126676930,"108 Hill St, Dowagiac, MI 49047","Dowagiac",MI,200000,2377,780,46.78,431,26008647,3,3,1900,"SINGLE_FAMILY"
88337120,"1915 Ewald Cir, Detroit, MI 48238","Detroit",MI,139700,1445,543,46.69,77,20251021380,3,2,1950,"SINGLE_FAMILY"
90245901,"707 N John St, Palestine, TX 75801","Palestine",TX,160000,1587,615,46.09,49,103232,3,3,1900,"MULTI_FAMILY"
16301248,"5315 Road 40, Alpaugh, CA 93201","Alpaugh",CA,145000,1465,555,45.96,59,202602538,2,1,1948,"SINGLE_FAMILY"
84471967,"548 Elmira Ave, New Orleans, LA 70114","New Orleans",LA,299000,2812,1144,45.92,23,2529680,2,2,1934,"SINGLE_FAMILY"
52079537,"2000 Bosque Blvd, Waco, TX 76707","Waco",TX,245000,2641,937,45.87,321,21128319,6,3,1914,"SINGLE_FAMILY"
52722984,"206 Commercial St, Edcouch, TX 78538","Edcouch",TX,99900,1200,381,45.75,186,496415,3,2,2016,"SINGLE_FAMILY"
62562972,"9 Santa Fe Dr, Tuscola, TX 79562","Tuscola",TX,245000,2577,933,45.7,260,21172541,3,3,1979,"SINGLE_FAMILY"
126988510,"608 W Alameda St, Roswell, NM 88203","Roswell",NM,105000,1085,397,45.38,31,20261806,2,1,0,"SINGLE_FAMILY"
42225442,"4518 Suncrest Dr, Memphis, TN 38127","Memphis",TN,79900,901,301,45.17,64,4136802,3,1,1959,"SINGLE_FAMILY"
2062140860,"1612 Katen Road, Ellensburg, WA 98926","Ellensburg",WA,184100,1840,692,45.08,109,2503172,0,0,0,"LOT"
232390164,"363 W Brazell St, Reidsville, GA 30453","Reidsville",GA,75000,818,280,44.86,25,10728331,3,1,1950,"SINGLE_FAMILY"
2074114576,"1736 Primrose Ln, Sebring, FL 33872","Sebring",FL,129900,1419,486,44.85,156,11686603,2,2,1999,"MANUFACTURED"
2058774512,"1428 Smythe Ave #58, Memphis, TN 38114","Memphis",TN,80000,899,298,44.77,64,10196660,2,1,1950,"SINGLE_FAMILY"
109122169,"30 Sequoyah Ridge Rd, Cherokee Village, AR 72529","Cherokee Village",AR,139000,1347,518,44.71,8,25035624,3,2,1991,"SINGLE_FAMILY"
1024575,"417 62nd St, Fairfield, AL 35064","Fairfield",AL,79900,888,297,44.66,55,21447689,2,1,1925,"SINGLE_FAMILY"
74099260,"1417 Gerry Dr, Jackson, MI 49202","Jackson",MI,182500,1871,677,44.54,162,26003692,3,3,1970,"SINGLE_FAMILY"
242826612,"406 W Velmer St, Dequincy, LA 70633","Dequincy",LA,124500,1253,461,44.41,41,SWL25102389,3,2,2002,"SINGLE_FAMILY"
52294990,"305 E Bradford St, Troup, TX 75789","Troup",TX,129995,1410,480,44.27,152,26000532,3,1,1922,"SINGLE_FAMILY"
442584583,"310 Coffee St, Dequincy, LA 70633","Dequincy",LA,124500,1268,455,43.88,61,SWL25102379,3,2,2002,"SINGLE_FAMILY"
42140337,"765 Grand St, Denver, TN 38114","Denver",TN,121900,1217,445,43.85,33,10218999,3,2,1912,"SINGLE_FAMILY"
72796327,"1950 Johnson St, Montgomery, AL 36110","Montgomery",AL,96500,989,352,43.73,21,583138,3,1,1948,"SINGLE_FAMILY"
2060890740,"1120 Barkentine Dr Lot 332, New Bern, NC 28560","New Bern",NC,149500,1485,543,43.58,70,10155720,0,0,0,"LOT"
28670435,"302 E Gertrude St, Crandall, TX 75114","Crandall",TX,119900,1527,435,43.53,363,21162926,2,1,1980,"SINGLE_FAMILY"
27191404,"1901 Sunset Hl, Rowlett, TX 75088","Rowlett",TX,435000,4431,1561,43.05,569,21213896,4,4,1997,"SINGLE_FAMILY"
104255489,"2439 Seameadows Dr, Perry, FL 32348","Perry",FL,138900,1429,498,43.04,110,384129,2,1,2022,"SINGLE_FAMILY"
10664735,"1020 Vine St, West Newton, PA 15089","West Newton",PA,220000,2202,788,42.98,151,11415604,4,3,1911,"SINGLE_FAMILY"
340043120,"3300 15th St W Space 383, Rosamond, CA 93560","Rosamond",CA,119900,1983,429,42.92,125,26665095,3,2,1976,"MANUFACTURED"
107129581,"503 N Logan St, Spencer, NE 68777","Spencer",NE,187500,1760,668,42.77,36,11540860,4,3,1910,"SINGLE_FAMILY"
105062709,"802 4th St, Pepin, WI 54759","Pepin",WI,155000,1494,552,42.76,43,7040677,2,1,1961,"MANUFACTURED"
50345653,"91 Orgain St, Beaumont, TX 77707","Beaumont",TX,143000,1596,509,42.7,246,263249,3,2,0,"SINGLE_FAMILY"
42849863,"3160 Holiday Springs Boulevard #7-104, Margate, FL 33063","Margate",FL,76999,1581,274,42.67,144,R11137849,1,2,1974,"CONDO"
93605,"308 6th Ave E, Oneonta, AL 35121","Oneonta",AL,140000,1406,497,42.57,83,21442714,3,2,1940,"SINGLE_FAMILY"
52825908,"2208 W Bogey Dr, Mission, TX 78572","Mission",TX,124000,1365,440,42.56,138,498165,2,2,2004,"MANUFACTURED"
1037461,"101 Livingston Ct, Bessemer, AL 35020","Bessemer",AL,117900,1234,418,42.53,97,21435147,4,2,1950,"SINGLE_FAMILY"
14921911,"42-B Elm St, Hampton, GA 30228","Hampton",GA,135000,1461,477,42.42,182,10703198,3,1,1959,"SINGLE_FAMILY"
76081869,"1678 Rose Hill Rd, Nauvoo, AL 35578","Nauvoo",AL,93000,971,325,42,46,527732,3,2,1992,"SINGLE_FAMILY"
447614292,"20/ACRE S Burr Valley Rd, Bridgeville, CA 95526","Bridgeville",CA,188000,1886,657,41.93,171,268781,2,1,1930,"SINGLE_FAMILY"
459335876,"2224 Us Highway 87 East 17 #17-17-17, Billings, MT 59101","Billings",MT,85000,1712,297,41.91,60,356978,3,2,2024,"SINGLE_FAMILY"
97073441,"223 Sunset Dr, Alliance, NE 69301","Alliance",NE,159000,1626,552,41.63,156,11627790,3,2,1946,"SINGLE_FAMILY"
299170149,"68860 Foley Dr, Twentynine Palms, CA 92277","Twentynine Palms",CA,195000,1832,675,41.54,65,26675263,0,1,0,"SINGLE_FAMILY"
27833596,"202 S Magnolia St, Highlands, TX 77562","Highlands",TX,179000,1712,619,41.51,78,39132011,3,2,1955,"SINGLE_FAMILY"
1290641,"1048 N Mount St, Indianapolis, IN 46222","Indianapolis",IN,120000,1292,415,41.48,147,22094108,2,1,1922,"SINGLE_FAMILY"
88336697,"14088 Fellrath St, Taylor, MI 48180","Taylor",MI,85000,1296,294,41.48,442,20261023442,2,1,1946,"SINGLE_FAMILY"
442585690,"1114 Pinder Ln, Dequincy, LA 70633","Dequincy",LA,134500,1329,463,41.31,66,SWL25102391,3,2,2002,"SINGLE_FAMILY"
73472080,"126 N 42nd St, Louisville, KY 40212","Louisville",KY,130000,1295,447,41.3,70,1712156,3,2,1930,"SINGLE_FAMILY"
220481286,"3058 Rocky Ridge Rd, Mountain Home, AR 72653","Mountain Home",AR,185000,1695,635,41.17,17,133721,3,3,1994,"MANUFACTURED"
442599924,"1112 Pinder Ln, Dequincy, LA 70633","Dequincy",LA,134500,1327,461,41.13,66,SWL25102390,3,2,2002,"SINGLE_FAMILY"
50700212,"1524 Morton St, Brownsville, TX 78521","Brownsville",TX,154900,1552,530,41.04,124,29762972,3,2,1971,"SINGLE_FAMILY"
458697011,"7325 Knollwood Dr, Little Rock, AR 72209","Little Rock",AR,92200,972,315,41.01,61,25047657,3,1,1963,"SINGLE_FAMILY"
174725501,"747 McClain Rd, Bessemer, AL 35023","Bessemer",AL,138000,1289,471,40.99,1,21438726,0,0,0,"SINGLE_FAMILY"
2062517110,"2027 Sunset Ridge Rd, Blocksburg, CA 95514","Blocksburg",CA,217500,2164,742,40.96,171,270286,1,1,2022,"SINGLE_FAMILY"
447330300,"10530 Private Road 5207, Malakoff, TX 75148","Malakoff",TX,129900,1340,443,40.95,119,21042347,1,1,2019,"SINGLE_FAMILY"
43016302,"5415 NW 27th St #A1, Fort Lauderdale, FL 33313","Fort Lauderdale",FL,155000,1910,527,40.83,213,A11994190,2,2,1973,"TOWNHOUSE"
43372159,"3711 Prescott St, Titusville, FL 32796","Titusville",FL,209900,1943,712,40.69,17,1072227,3,2,1988,"SINGLE_FAMILY"
112318861,"1480 10th St NE, Paris, TX 75460","Paris",TX,115000,1184,388,40.48,90,21172017,2,1,1950,"SINGLE_FAMILY"
114518755,"1604 Del Norte Blvd, Grants, NM 87020","Grants",NM,134500,1359,450,40.14,109,20246781,3,2,1960,"SINGLE_FAMILY"
42253899,"984 E Raines Rd, Memphis, TN 38116","Memphis",TN,149900,1557,501,40.13,182,10214832,4,2,1951,"SINGLE_FAMILY"
83348209,"4755 Maple Spring Court, Martinez, GA 30907","Martinez",GA,202000,1855,674,40.04,5,550869,3,3,1982,"SINGLE_FAMILY"
42230119,"2662 Orman Ave, Memphis, TN 38127","Memphis",TN,125000,1281,416,39.95,111,10212394,4,2,1964,"SINGLE_FAMILY"
73665140,"870 S 25th St, Louisville, KY 40211","Louisville",KY,150000,1418,499,39.92,44,1691471,2,2,1925,"SINGLE_FAMILY"
8807620,"13228 E 48th St, Yuma, AZ 85367","Yuma",AZ,119500,1156,395,39.64,34,20261524,0,0,0,"LOT"
43028036,"9481 Sunrise Lakes Blvd APT 302, Fort Lauderdale, FL 33322","Fort Lauderdale",FL,155000,2148,511,39.59,217,A11966886,2,2,1979,"CONDO"
245947576,"4709 Jonathan Edwards Ct, Mission, TX 78574","Mission",TX,180000,2034,592,39.49,422,497459,4,3,2014,"SINGLE_FAMILY"
303759135,"1414 Spear St, Weslaco, TX 78596","Weslaco",TX,150000,1447,493,39.48,79,501142,3,2,2020,"MANUFACTURED"
26569183,"1840 Katy St, New Braunfels, TX 78130","New Braunfels",TX,130000,1392,427,39.4,187,609238,3,2,1982,"SINGLE_FAMILY"
244202503,"28472 Italian Bar Rd, Twain Harte, CA 95383","Twain Harte",CA,175000,1703,573,39.29,134,20220879,2,1,1960,"SINGLE_FAMILY"
450774500,"434 NW 85th Street Rd #434, Miami, FL 33150","Miami",FL,224000,2725,733,39.28,343,A11980846,4,2,1958,"TOWNHOUSE"
87481219,"911 Elm St, Sweetwater, TX 79556","Sweetwater",TX,129900,1364,422,38.97,165,21136516,2,2,0,"SINGLE_FAMILY"
112742370,"332410 E 1030th Rd, McLoud, OK 74851","McLoud",OK,150000,1487,486,38.91,126,1222326,3,2,1920,"SINGLE_FAMILY"
90348627,"803 E 14th St, Bonham, TX 75418","Bonham",TX,145000,1453,469,38.79,134,21179308,3,2,1940,"SINGLE_FAMILY"
968605,"312 E Ventura Dr, Birmingham, AL 35235","Birmingham",AL,123900,1271,400,38.78,122,21447232,3,2,1952,"SINGLE_FAMILY"
47311958,"212 Sunset Dr, Lake Alfred, FL 33850","Lake Alfred",FL,119000,1161,384,38.75,52,L4960261,2,1,1972,"MANUFACTURED"
74457310,"223 Sycamore Ave, Newport News, VA 23607","Newport News",VA,225000,2288,723,38.58,278,10616631,4,3,1920,"SINGLE_FAMILY"
47226395,"416 73rd Ave N APT 205, Saint Petersburg, FL 33702","Saint Petersburg",FL,92500,1545,297,38.56,76,TB8484320,1,1,1964,"CONDO"
338035763,"2020 Wooley Way, Seagoville, TX 75159","Seagoville",TX,237500,2361,760,38.4,223,21149038,4,4,2020,"SINGLE_FAMILY"
200021272,"607 Buckwheat Dr, Laredo, TX 78046","Laredo",TX,119000,1110,380,38.28,5,20260329,3,2,2007,"MANUFACTURED"
87614010,"514 S Avenue C, Olney, TX 76374","Olney",TX,75000,836,239,38.27,84,21230088,2,1,1950,"SINGLE_FAMILY"
226209551,"223 S Market St, Union City, OH 45390","Union City",OH,89900,889,287,38.26,18,948275,2,1,1900,"SINGLE_FAMILY"
87638439,"8700 Front Beach Rd Unit 8108, Panama City Beach, FL 32407","Panama City Beach",FL,385000,3620,1224,38.17,335,782672,4,5,2008,"SINGLE_FAMILY"
442599480,"1118 Pinder Ln, Dequincy, LA 70633","Dequincy",LA,134500,1290,424,37.83,66,SWL25102392,3,2,2002,"SINGLE_FAMILY"
73692881,"2049 Tuskegee Dr, Marrero, LA 70072","Marrero",LA,200000,1891,630,37.81,95,2551614,4,2,1979,"SINGLE_FAMILY"
47114929,"29250 Us Highway 19 N Lot 537, Clearwater, FL 33761","Clearwater",FL,147000,1709,462,37.74,148,TB8473487,2,2,1977,"MANUFACTURED"
95227941,"119 Fleetwood Street, Presque Isle, ME 04769","Presque Isle",ME,117000,1322,367,37.69,239,1654401,3,1,1968,"SINGLE_FAMILY"
2065922131,"135 Kingspoint Blvd #135, Slidell, LA 70461","Slidell",LA,90000,1172,282,37.66,55,2549855,1,2,1993,"CONDO"
205266797,"13117 Madrone Forest Dr, Nevada City, CA 95959","Nevada City",CA,190000,1896,596,37.63,232,226037512,0,0,0,"LOT"
2076564435,"0 Highway 115, Clarkesville, GA 30523","Clarkesville",GA,124900,1209,390,37.47,66,10729157,0,0,0,"LOT"
1032344,"1015 Palmer Ave, Bessemer, AL 35020","Bessemer",AL,110000,1074,343,37.44,49,21439470,3,1,1960,"SINGLE_FAMILY"
94188164,"102 Utah St, Portsmouth, VA 23701","Portsmouth",VA,269000,2727,839,37.41,389,10612841,3,3,2008,"SINGLE_FAMILY"
315238,"2004 Rice St, Little Rock, AR 72202","Little Rock",AR,140000,1332,435,37.25,71,26008315,3,2,1950,"SINGLE_FAMILY"
225812438,"624 Sandy Beach Court, Warrens, WI 54666","Warrens",WI,184900,1833,569,36.91,221,2019963,3,2,2004,"SINGLE_FAMILY"
83616047,"7520 Studebaker Ave, Warren, MI 48091","Warren",MI,107656,1188,331,36.88,187,20251004768,2,1,1940,"SINGLE_FAMILY"
225812439,"622 Sandy Beach Court, Warrens, WI 54666","Warrens",WI,184900,1833,567,36.77,223,2019962,3,2,2004,"SINGLE_FAMILY"
225812440,"620 Sandy Beach Court, Warrens, WI 54666","Warrens",WI,184900,1833,567,36.77,223,2019961,3,2,2004,"SINGLE_FAMILY"
225812442,"614 Sandy Beach Court, Warrens, WI 54666","Warrens",WI,184900,1833,567,36.77,223,2019959,3,2,2004,"SINGLE_FAMILY"
49206041,"14408 Portland Avenue SW, Lakewood, WA 98498","Lakewood",WA,249995,2301,760,36.47,133,2505695,2,1,1970,"MANUFACTURED"
2053047206,"70 Camden C, West Palm Beach, FL 33417","West Palm Beach",FL,64900,1278,196,36.2,85,R11155319,1,1,1972,"CONDO"
73783487,"2669 New Orleans St, New Orleans, LA 70119","New Orleans",LA,293000,2788,884,36.19,289,2548600,3,2,1880,"SINGLE_FAMILY"
47348402,"2417 W Parker St, Lakeland, FL 33815","Lakeland",FL,119000,1116,359,36.17,32,L4960260,3,1,1966,"MANUFACTURED"
42797725,"14401 Front Beach Rd #403, Panama City Beach, FL 32413","Panama City Beach",FL,148000,1447,441,35.72,141,785495,1,1,1965,"CONDO"
43490260,"2917 Stetson St, Melbourne, FL 32901","Melbourne",FL,490000,4461,1459,35.72,435,O6387347,5,3,1958,"SINGLE_FAMILY"
2053065396,"1306 Fancher St, Vinton, LA 70668","Vinton",LA,149900,1329,443,35.45,12,SWL24000491,2,2,2023,"SINGLE_FAMILY"
447290701,"52 Pat St, Mount Vernon, TX 75457","Mount Vernon",TX,184900,1690,546,35.45,100,25005801,3,2,0,"SINGLE_FAMILY"
22001491,"4753 SE 17th St, Oklahoma City, OK 73115","Oklahoma City",OK,130000,1271,383,35.36,110,1221258,3,1,1955,"SINGLE_FAMILY"
49665421,"914 Bullitt Ave SE, Roanoke, VA 24013","Roanoke",VA,190000,1711,560,35.34,83,922596,5,2,1900,"SINGLE_FAMILY"
87290657,"617 W Price St, Floydada, TX 79235","Floydada",TX,92200,893,271,35.32,26,20983996,3,1,1955,"SINGLE_FAMILY"
26274364,"654 ELLOR DR, San Antonio, TX 78228","San Antonio",TX,150999,1400,443,35.23,77,1956511,3,1,1953,"SINGLE_FAMILY"
44061413,"3916 NW 207th St, Miami Gardens, FL 33055","Miami Gardens",FL,450000,3825,1321,35.22,95,A11966166,4,2,1972,"TOWNHOUSE"
306610188,"401 Whitaker Ln, Grants Pass, OR 97527","Grants Pass",OR,169000,1532,496,35.21,70,220218089,0,0,0,"LOT"
83559683,"121 Jones St, Mount Clemens, MI 48043","Mount Clemens",MI,220000,2161,644,35.11,254,20261022621,4,2,1935,"SINGLE_FAMILY"
49652810,"728 Harrison Ave NW, Roanoke, VA 24016","Roanoke",VA,160000,1453,468,35.1,62,922595,3,1,1950,"SINGLE_FAMILY"
235437440,"43 Yearling Ct, Ludowici, GA 31316","Ludowici",GA,289900,2749,847,35.05,302,165563,4,3,2015,"SINGLE_FAMILY"
88494165,"2962 Ewald Cir, Detroit, MI 48238","Detroit",MI,164800,1522,481,34.99,95,20251045869,5,2,1943,"SINGLE_FAMILY"
2098998311,"1500 Hummingbird Ct APT 11, Pharr, TX 78577","Pharr",TX,140000,1408,408,34.97,174,479453,2,3,2013,"TOWNHOUSE"
222885461,"914 Madison Ave, Tuscumbia, AL 35674","Tuscumbia",AL,85000,831,248,34.96,23,527477,2,1,1950,"SINGLE_FAMILY"
66683684,"3117 Manor Dr NE, Palm Bay, FL 32905","Palm Bay",FL,149000,1866,432,34.8,240,1068099,3,3,1985,"TOWNHOUSE"
27155794,"3109 Point East Dr, Mesquite, TX 75150","Mesquite",TX,319950,2735,927,34.78,62,21091981,3,3,1967,"SINGLE_FAMILY"
446059208,"613 E 5th St, Spencer, NC 28159","Spencer",NC,195000,1764,561,34.55,111,4240935,3,2,1911,"SINGLE_FAMILY"
246186996,"502 Roosevelt Ave, Mountainair, NM 87036","Mountainair",NM,107500,990,307,34.29,13,1087530,2,1,1950,"SINGLE_FAMILY"
52714607,"115 Which Way, Pharr, TX 78577","Pharr",TX,149000,1454,422,34.01,137,492710,3,2,1997,"MANUFACTURED"
23790846,"125 Hall St, Grand Rapids, MI 49507","Grand Rapids",MI,240000,2053,674,33.68,20,25047090,3,2,2025,"SINGLE_FAMILY"
1043217,"2928 6th Ave N, Bessemer, AL 35020","Bessemer",AL,125000,1186,351,33.67,81,21433442,3,2,1948,"SINGLE_FAMILY"
87242537,"11005 Graham Way, Paint Rock, TX 76866","Paint Rock",TX,98000,936,274,33.59,28,200191,2,1,1980,"SINGLE_FAMILY"
351474791,"621 Plainview St, Clarendon, TX 79226","Clarendon",TX,155000,1477,432,33.46,146,25-9238,2,2,2021,"SINGLE_FAMILY"
76649708,"1233 Rainbow Dr, Cedar Falls, IA 50613","Cedar Falls",IA,154000,1634,429,33.39,311,20260198,3,2,1917,"SINGLE_FAMILY"
18108625,"32561 San Miguelito Dr, Thousand Palms, CA 92276","Thousand Palms",CA,145000,1701,403,33.35,125,219144349DA,2,1,1965,"MANUFACTURED"
210357477,"1712 S G St, Fort Smith, AR 72901","Fort Smith",AR,100000,945,277,33.27,35,1329518,3,1,0,"SINGLE_FAMILY"
50400743,"4895 Belmont St, Beaumont, TX 77707","Beaumont",TX,156000,1576,432,33.23,240,263763,3,2,0,"SINGLE_FAMILY"
51547379,"582 Five Mile Road, Richlands, NC 28574","Richlands",NC,144900,1265,401,33.22,14,100565652,2,1,1920,"SINGLE_FAMILY"
70148157,"819 Moore St, Reidsville, NC 27320","Reidsville",NC,129900,1186,359,33.15,50,10081225,2,1,1937,"SINGLE_FAMILY"
43722623,"372 NW DIVIDER Terrace, Lake City, FL 32055","Lake City",FL,150000,1366,413,33.05,78,2137070,3,1,1969,"SINGLE_FAMILY"
49873308,"423 Alabama Ave, Warner Robins, GA 31093","Warner Robins",GA,182500,1649,499,32.83,118,183696,5,2,1966,"SINGLE_FAMILY"
338734949,"322 Rushing Rd, Denham Springs, LA 70726","Denham Springs",LA,300000,2607,817,32.67,141,2534645,4,2,1995,"SINGLE_FAMILY"
321484,"5505 Chaucer Ln, Little Rock, AR 72209","Little Rock",AR,142500,1281,385,32.44,57,26011335,3,2,1965,"SINGLE_FAMILY"
209869202,"53 Halcon Pl, Hot Springs, AR 71909","Hot Springs",AR,155000,1611,417,32.27,79,26014219,3,2,1976,"TOWNHOUSE"
28852090,"4730 Kendall Dr, Corpus Christi, TX 78415","Corpus Christi",TX,130000,1333,349,32.21,206,474454,2,1,1949,"SINGLE_FAMILY"
19067713,"12792 10th Ave, Hanford, CA 93230","Hanford",CA,159200,1384,426,32.1,39,646929,0,0,0,"LOT"
73456457,"635 Cecil Ave, Louisville, KY 40211","Louisville",KY,150000,1350,400,32.01,75,1706582,3,2,1920,"SINGLE_FAMILY"
336776244,"22819 Grand Spg, Elmendorf, TX 78112","Elmendorf",TX,170000,1544,451,31.86,121,1954605,3,2,1997,"MANUFACTURED"
232165202,"8012 SE Hood Cir, Prineville, OR 97754","Prineville",OR,199000,1696,526,31.73,58,220217997,2,1,1976,"MANUFACTURED"
27933544,"5326 Wenda St, Houston, TX 77033","Houston",TX,159000,1555,418,31.54,219,10590484,3,2,1947,"SINGLE_FAMILY"
45779821,"1817 Wisconsin Ave, Bradenton, FL 34207","Bradenton",FL,120000,1404,314,31.4,240,11673332,2,2,1960,"MANUFACTURED"
439779559,"11 McClung St, Phil Campbell, AL 35581","Phil Campbell",AL,85000,819,222,31.38,36,527083,2,1,1960,"SINGLE_FAMILY"
53477208,"742 Donnelly St, Duryea, PA 18642","Duryea",PA,179000,1597,468,31.35,115,772815,3,2,1950,"SINGLE_FAMILY"
11821355,"739 Baltimore St, Spartanburg, SC 29301","Spartanburg",SC,104000,1095,270,31.18,172,333402,2,1,1966,"SINGLE_FAMILY"
80299890,"5711 Flint Dr, Granbury, TX 76048","Granbury",TX,219000,1848,564,30.93,23,21221008,3,2,2004,"SINGLE_FAMILY"
148983592,"2924 Republic St, New Orleans, LA 70119","New Orleans",LA,299000,2733,771,30.92,318,2532379,6,4,1941,"MULTI_FAMILY"
35830540,"1330 Allene Ave SW, Atlanta, GA 30310","Atlanta",GA,285000,2797,734,30.91,486,10695273,6,3,1920,"SINGLE_FAMILY"
42140494,"2545 Spottswood Ave, Memphis, TN 38114","Memphis",TN,92000,918,237,30.9,87,10219793,2,1,1915,"SINGLE_FAMILY"
87318884,"200 NE Alpine Dr, Plainview, TX 79072","Plainview",TX,169500,1670,436,30.89,265,26-27,4,2,0,"SINGLE_FAMILY"
2058160336,"604 Players Pl, Brookeland, TX 75931","Brookeland",TX,169999,1590,436,30.8,147,65103600,1,2,0,"CONDO"
247147978,"16329 Cherry Tree Ct, Clermont, FL 34714","Clermont",FL,159990,1756,408,30.58,163,TB8493039,0,0,0,"LOT"
50806056,"3103 SW 27th Ave, Amarillo, TX 79109","Amarillo",TX,169900,1670,430,30.35,269,26-2999,2,2,1978,"SINGLE_FAMILY"
448311544,"306 N Front St E, Savoy, TX 75479","Savoy",TX,159900,1469,400,30.01,147,21039316,3,2,1938,"SINGLE_FAMILY"
2068424069,"854 Bentley Dr, Fairburn, GA 30213","Fairburn",GA,274900,2543,686,29.95,283,10620520,3,3,2021,"SINGLE_FAMILY"
2067546010,"1056 N Edgemoor St, Wichita, KS 67208","Wichita",KS,159500,1479,398,29.91,161,667519,2,2,1952,"SINGLE_FAMILY"
46875615,"1160 W 26th Ct, Riviera Beach, FL 33404","Riviera Beach",FL,395000,3611,983,29.87,519,A11975111,7,4,1955,"SINGLE_FAMILY"
26380803,"13614 Primwood, San Antonio, TX 78233","San Antonio",TX,179900,1779,447,29.8,313,1927300,3,2,1980,"SINGLE_FAMILY"
199395281,"652 Ridge Dr N, Cleburne, TX 76033","Cleburne",TX,198000,1663,491,29.74,66,11660172,3,2,1983,"MANUFACTURED"
2064212743,"5184 Clarkston Grove Dr, Slidell, LA 70461","Slidell",LA,259900,2308,644,29.74,158,2548423,3,2,2022,"SINGLE_FAMILY"
44461482,"1152 DETROIT Street, Jacksonville, FL 32254","Jacksonville",FL,194900,1638,480,29.57,66,2119021,3,2,1951,"SINGLE_FAMILY"
101317013,"3008 W Flournoy St Unit 1, Chicago, IL 60612","Chicago",IL,232999,2205,574,29.55,105,11889674,3,2,2007,"CONDO"
39818507,"15 E Griffith St, Penns Grove, NJ 08069","Penns Grove",NJ,245000,2371,603,29.55,384,NJSA2017774,4,2,1940,"SINGLE_FAMILY"
121286563,"2346 Rice Road, Chehalis, WA 98532","Chehalis",WA,149000,1334,365,29.4,99,2502787,0,0,0,"LOT"
2058368175,"2072 Casita Dr, Sarasota, FL 34234","Sarasota",FL,199900,1817,490,29.39,212,11686152,2,2,2022,"MANUFACTURED"
2101500494,"1500 Hummingbird Ct APT 6, Pharr, TX 78577","Pharr",TX,137500,1408,336,29.31,258,479441,2,3,2013,"TOWNHOUSE"
49652879,"1131 Loudon Ave NW, Roanoke, VA 24017","Roanoke",VA,180000,1538,436,29.07,82,922593,4,2,1925,"SINGLE_FAMILY"
230520976,"107 W 5th Ave, Lawrenceville, VA 23868","Lawrenceville",VA,135000,1152,326,28.95,24,140236,2,1,1952,"SINGLE_FAMILY"
80304984,"4035 Apache Cir, Granbury, TX 76048","Granbury",TX,218000,2080,523,28.79,269,21212593,4,2,2004,"SINGLE_FAMILY"
34964453,"2617 Hancock Ave, Dayton, OH 45406","Dayton",OH,101500,1011,243,28.73,128,953175,2,1,1919,"SINGLE_FAMILY"
122957840,"1522 N 2200 E, Layton, UT 84040","Layton",UT,230000,1951,546,28.51,92,2148907,0,0,0,"LOT"
74668873,"860 E Michigan Ave, Marshall, MI 49068","Marshall",MI,177000,1636,418,28.37,212,26014755,2,2,1860,"SINGLE_FAMILY"
26110163,"1021 cherry, San Antonio, TX 78202","San Antonio",TX,190000,1933,448,28.3,417,1947516,3,1,1930,"SINGLE_FAMILY"
82831601,"1917 Reveille Cir, Jacksonville, AR 72076","Jacksonville",AR,205000,1888,482,28.21,216,26005070,3,2,2007,"SINGLE_FAMILY"
8808443,"11387 S Maria Rosa Dr, Yuma, AZ 85367","Yuma",AZ,74900,912,175,28.09,30,20260990,2,1,1990,"SINGLE_FAMILY"
85802466,"304 N Main St, Columbia City, IN 46725","Columbia City",IN,299900,2553,701,28.05,203,202540309,5,4,1880,"SINGLE_FAMILY"
104080650,"575 Dryden Cir, Cocoa, FL 32926","Cocoa",FL,279900,2818,651,27.89,569,1070945,4,3,2009,"SINGLE_FAMILY"
123598258,"410 Glover Ave, Enterprise, AL 36330","Enterprise",AL,129000,1104,299,27.8,32,557130,2,2,1900,"SINGLE_FAMILY"
43496490,"3033 Dairy Ter NE, Palm Bay, FL 32905","Palm Bay",FL,172000,1490,395,27.55,114,1072204,2,1,1960,"SINGLE_FAMILY"
461185096,"346 Highway 45 S, Bradford, TN 38316","Bradford",TN,139900,1207,320,27.49,61,2601169,2,1,1961,"SINGLE_FAMILY"
2098996482,"1500 Hummingbird Ct APT 14, Pharr, TX 78577","Pharr",TX,140000,1408,319,27.35,263,479459,2,3,2013,"TOWNHOUSE"
35959116,"3955 Demooney Rd, Atlanta, GA 30349","Atlanta",GA,199000,1846,452,27.28,282,7708678,3,3,1968,"SINGLE_FAMILY"
93886515,"517 14th St, Onawa, IA 51040","Onawa",IA,162500,1491,368,27.2,188,832248,3,2,1975,"SINGLE_FAMILY"
458699074,"43 Jake Rd, Thoreau, NM 87323","Thoreau",NM,99900,1001,225,27.05,143,20256789,1,1,2024,"SINGLE_FAMILY"
230779248,"129 Mill Creek Dr, Weatherford, TX 76085","Weatherford",TX,349999,2841,786,26.94,164,21160230,4,2,2012,"MANUFACTURED"
457550130,"510 Don Ln, Itasca, TX 76055","Itasca",TX,239999,2018,537,26.85,121,21179379,3,2,2024,"SINGLE_FAMILY"
453452664,"1610 E Rosebud Ave, Victoria, TX 77901","Victoria",TX,175000,1605,391,26.79,219,609646,3,2,1953,"SINGLE_FAMILY"
13062571,"14806 E 2nd Ave Avenue #105G, Aurora, CO 80011","Aurora",CO,135000,1487,301,26.74,65,8313416,1,1,1980,"CONDO"
306610187,"345 Whitaker Ln, Grants Pass, OR 97527","Grants Pass",OR,184900,1524,406,26.37,74,220218090,0,0,0,"LOT"
47610398,"3313 Central Ave, Sarasota, FL 34234","Sarasota",FL,245000,2113,538,26.35,191,A4680153,3,2,1956,"SINGLE_FAMILY"
69980031,"261 Green St, Warm Springs, GA 31830","Warm Springs",GA,189900,1671,416,26.31,187,10693450,3,2,1930,"SINGLE_FAMILY"
26310689,"2823 Tillie, San Antonio, TX 78222","San Antonio",TX,159800,1297,350,26.3,25,1948120,3,1,1963,"SINGLE_FAMILY"
97588053,"2066 DRY CREEK, Canyon Lake, TX 78133","Canyon Lake",TX,259000,2332,566,26.25,314,1949905,2,3,2022,"SINGLE_FAMILY"
46872759,"137 W 34th Street, Riviera Beach, FL 33404","Riviera Beach",FL,345000,2831,752,26.16,212,R11163546,3,2,1955,"SINGLE_FAMILY"
2098203082,"1500 Hummingbird Ct APT 1, Pharr, TX 78577","Pharr",TX,145000,1438,316,26.12,272,479280,2,3,2013,"TOWNHOUSE"
101344699,"3008 W Flournoy St #3, Chicago, IL 60612","Chicago",IL,232999,2134,503,25.9,105,11892842,3,2,2007,"CONDO"
2067855906,"Lot#57 Twin Oaks Mountain Boulevard, Sparta, NC 28675","Sparta",NC,89500,895,193,25.86,45,260957,0,0,0,"LOT"
43014700,"4848 NW 24th Ct APT 232, Fort Lauderdale, FL 33313","Fort Lauderdale",FL,125000,1601,267,25.67,232,A11985575,1,1,1974,"CONDO"
78826142,"4311 Gordon St, Greenville, TX 75401","Greenville",TX,179000,1767,382,25.58,371,21118166,3,2,1965,"SINGLE_FAMILY"
42354978,"1539 Brookside Dr, Germantown, TN 38138","Germantown",TN,450000,3725,954,25.43,397,10219390,4,3,1967,"SINGLE_FAMILY"
73596453,"1332 Olive St, Louisville, KY 40211","Louisville",KY,110000,1028,233,25.43,113,1710777,2,1,0,"SINGLE_FAMILY"
74102361,"306 N Pleasant St, Jackson, MI 49202","Jackson",MI,126500,1094,267,25.36,65,26005457,3,1,1930,"SINGLE_FAMILY"
49624719,"5500 McPherson Rd Unit 28, Laredo, TX 78041","Laredo",TX,154880,1294,326,25.29,69,20254202,2,2,1981,"TOWNHOUSE"
2095975562,"Tbd Ripple Brook Dr, Bastrop, TX 78602","Bastrop",TX,140000,1298,293,25.12,179,6531824,0,0,0,"LOT"
22059986,"1607 N Beard Ave, Shawnee, OK 74804","Shawnee",OK,165000,1337,343,24.97,47,1222577,3,2,1930,"SINGLE_FAMILY"
342062231,"123 Bluestem Dr, Elgin, TX 78621","Elgin",TX,202500,1927,420,24.92,258,1703349,3,3,2024,"SINGLE_FAMILY"
249153705,"6155 Highway 56, Okmulgee, OK 74447","Okmulgee",OK,145000,1235,300,24.82,85,2609380,3,2,1962,"SINGLE_FAMILY"
449874251,"120 S Landvale St, York Haven, PA 17370","York Haven",PA,157000,1431,324,24.73,199,PAYK2096792,2,2,1900,"SINGLE_FAMILY"
2056258096,"222 Spring St, Taylorsville, MS 39168","Taylorsville",MS,179000,1450,367,24.57,69,146396,3,2,1950,"SINGLE_FAMILY"
91853071,"88 Hanson Road, China, ME 04358","China",ME,397500,3250,813,24.54,317,1644487,4,2,2008,"SINGLE_FAMILY"
193800794,"130 N Jab Dr, Zapata, TX 78076","Zapata",TX,350000,2907,716,24.53,300,20260051,6,3,1977,"SINGLE_FAMILY"
29092350,"1119 E Cantey St, Fort Worth, TX 76104","Fort Worth",TX,154900,1402,316,24.49,188,21206973,2,1,1900,"SINGLE_FAMILY"
43547723,"2144 Harbor Blvd, Pt Charlotte, FL 33952","Pt Charlotte",FL,299000,2342,609,24.42,89,2026016313,5,2,1961,"SINGLE_FAMILY"
45478706,"13150 Kings Point Dr APT 15C, Fort Myers, FL 33919","Fort Myers",FL,125000,1453,252,24.18,107,2025016628,1,1,1963,"CONDO"
42797745,"14401 Front Beach Rd #423, Panama City Beach, FL 32413","Panama City Beach",FL,174900,1521,351,24.09,175,779059,0,1,1965,"CONDO"
263104,"1808 Green Acres Rd, Jacksonville, AR 72076","Jacksonville",AR,136500,1169,272,23.94,87,26010061,3,2,1968,"SINGLE_FAMILY"
72829493,"2716 Forsyth Ln, Montgomery, AL 36116","Montgomery",AL,189900,1466,377,23.81,22,584802,4,2,1963,"SINGLE_FAMILY"
92106207,"3609 McVay St SW, Huntsville, AL 35805","Huntsville",AL,140000,1152,278,23.8,48,21908373,2,1,1950,"SINGLE_FAMILY"
19023186,"2216 Sierra Way, Weldon, CA 93283","Weldon",CA,375000,2894,741,23.7,142,2606698,3,2,1996,"SINGLE_FAMILY"
2098987146,"1500 Hummingbird Ct APT 16, Pharr, TX 78577","Pharr",TX,145000,1408,286,23.63,272,479464,2,3,2013,"TOWNHOUSE"
2101500493,"1500 Hummingbird Ct APT 5, Pharr, TX 78577","Pharr",TX,145000,1408,286,23.63,272,479438,2,3,2013,"TOWNHOUSE"
87630687,"9902 S Thomas Dr Unit 1735, Panama City Beach, FL 32408","Panama City Beach",FL,239900,2112,471,23.55,282,773953,1,2,2007,"CONDO"
338197184,"132 Spanish Oak, Bandera, TX 78003","Bandera",TX,209000,1635,409,23.49,16,1864407,3,3,2023,"SINGLE_FAMILY"
63686202,"642 Tulip Tree Ln, Cresco, PA 18326","Cresco",PA,295000,2687,577,23.46,210,PM-135880,5,2,1842,"SINGLE_FAMILY"
19096936,"16292 19th Ave, Clearlake, CA 95422","Clearlake",CA,129000,1110,252,23.44,85,LC26070973,2,1,1968,"MANUFACTURED"
44126951,"1780 191st St APT 304-2, Miami, FL 33179","Miami",FL,169000,2147,330,23.44,179,A11934216,2,2,1969,"CONDO"
50647430,"1524 Virginia St, Lafayette, IN 47905","Lafayette",IN,145000,1267,280,23.18,136,202602676,2,1,1928,"SINGLE_FAMILY"
80113729,"201 Masterson Rd APT 108, Laredo, TX 78046","Laredo",TX,109000,927,211,23.18,40,20255068,2,1,2005,"TOWNHOUSE"
459960760,"703 Sun Land Cir, Dawson, TX 76639","Dawson",TX,180000,1562,343,22.86,200,16310990,3,2,2025,"SINGLE_FAMILY"
26999587,"2512 Collingwood Dr, Farmers Branch, TX 75234","Farmers Branch",TX,220000,1895,418,22.79,214,21145252,3,1,1955,"SINGLE_FAMILY"
77676681,"115 Breckenridge Loop, Lafayette, LA 70506","Lafayette",LA,275000,2300,522,22.77,225,2500000218,3,3,1983,"SINGLE_FAMILY"
28803470,"1218 Stratton Dr, Corpus Christi, TX 78412","Corpus Christi",TX,199000,1756,377,22.74,267,466057,4,2,1955,"SINGLE_FAMILY"
88295895,"2039 Ewald Cir, Detroit, MI 48238","Detroit",MI,119900,1017,227,22.67,61,20251055154,2,1,1944,"SINGLE_FAMILY"
79189520,"530 Sterling St, Norfolk, VA 23505","Norfolk",VA,282282,2406,532,22.62,310,10625326,3,2,1947,"SINGLE_FAMILY"
42197125,"3271 Seminole Rd, Memphis, TN 38111","Memphis",TN,109500,954,206,22.54,69,10215693,2,1,1963,"SINGLE_FAMILY"
52087021,"2912 Edmond Ave, Waco, TX 76707","Waco",TX,175000,1478,325,22.29,157,21136577,3,1,1925,"SINGLE_FAMILY"
81787158,"2400 Grandiflora Blvd Unit E407, Panama City Beach, FL 32408","Panama City Beach",FL,350000,2716,646,22.14,179,770861,3,3,2008,"CONDO"
81493887,"1501 Lafayette St, Valparaiso, IN 46383","Valparaiso",IN,230000,2222,423,22.05,488,836398,3,2,1957,"SINGLE_FAMILY"
2098987141,"1500 Hummingbird Ct APT 20, Pharr, TX 78577","Pharr",TX,147500,1408,269,21.87,277,479466,2,3,2013,"TOWNHOUSE"
348685112,"103 Big Bear Trl, Fawnskin, CA 92333","Fawnskin",CA,485000,3884,884,21.87,457,32600497,4,3,1920,"SINGLE_FAMILY"
23789907,"444 Pleasant St SW, Grand Rapids, MI 49503","Grand Rapids",MI,231700,2437,420,21.77,482,25042850,4,2,2025,"CONDO"
82083410,"3000 Maingate Ln #506, Kissimmee, FL 34747","Kissimmee",FL,67000,1128,121,21.69,83,S5142491,1,1,1998,"CONDO"
52774148,"323 E 3rd St, San Juan, TX 78589","San Juan",TX,145000,1220,262,21.66,108,488697,3,1,1977,"SINGLE_FAMILY"
48206687,"3676 SW 3rd St, Corvallis, OR 97333","Corvallis",OR,479900,3673,860,21.51,294,832379,6,2,1920,"SINGLE_FAMILY"
75288046,"824 Calle Escondido, Eagle Pass, TX 78852","Eagle Pass",TX,199000,1493,356,21.5,25,79669,3,3,1992,"SINGLE_FAMILY"
50337141,"5149 32nd St, Groves, TX 77619","Groves",TX,175000,1551,311,21.34,244,266659,3,2,0,"SINGLE_FAMILY"
102511019,"237 Charles Rd., Marion, SC 29571","Marion",SC,129900,1051,231,21.33,43,2601105,2,2,1978,"SINGLE_FAMILY"
60522084,"81 Main St, Yorkana, PA 17406","Yorkana",PA,185000,1660,327,21.21,289,PAYK2097140,3,1,1880,"SINGLE_FAMILY"
457736026,"1009 Nicklaus Dr #1009, Suffolk, VA 23435","Suffolk",VA,235000,2248,410,20.92,188,10607872,2,3,2000,"CONDO"
89485252,"2 Father Jogues Place, Ticonderoga, NY 12883","Ticonderoga",NY,149900,1324,261,20.91,189,202610381,4,2,1965,"MULTI_FAMILY"
72449648,"896 Orphanage Ave, Memphis, TN 38107","Memphis",TN,200000,1609,347,20.83,96,10212502,4,2,1930,"SINGLE_FAMILY"
42346296,"4999 Tradewind Ter, Memphis, TN 38118","Memphis",TN,174900,1445,303,20.81,147,10214374,3,3,1978,"SINGLE_FAMILY"
45903956,"14342 SE 45th Ct, Summerfield, FL 34491","Summerfield",FL,299900,2341,520,20.79,172,P4937617,4,3,1981,"SINGLE_FAMILY"
2053556608,"8360 Chappell Hl, Beaumont, TX 77713","Beaumont",TX,485000,4114,839,20.76,732,263872,4,4,0,"SINGLE_FAMILY"
27494002,"9147 Mount Etna Dr, El Paso, TX 79924","El Paso",TX,176994,1397,304,20.58,88,926203,3,2,1956,"SINGLE_FAMILY"
40794283,"2507 Hendon Rd, Soddy Daisy, TN 37379","Soddy Daisy",TN,231000,1786,392,20.39,78,1528378,3,2,1990,"SINGLE_FAMILY"
369688,"5205 Highway 35, Benton, AR 72015","Benton",AR,149900,1174,254,20.35,46,26013364,2,1,1950,"SINGLE_FAMILY"
42227520,"2104 Alta Vista Ave, Memphis, TN 38127","Memphis",TN,119900,1002,202,20.25,70,10214386,3,1,1955,"SINGLE_FAMILY"
458783208,"680-550 Butte Creek Rd, Adin, CA 96006","Adin",CA,257000,2093,433,20.21,218,2906702,2,2,1978,"SINGLE_FAMILY"
53658514,"1929 McGougan Rd, Fayetteville, NC 28303","Fayetteville",NC,149000,1322,251,20.21,201,756031,3,2,1955,"SINGLE_FAMILY"
2098987142,"1500 Hummingbird Ct APT 21, Pharr, TX 78577","Pharr",TX,150000,1408,252,20.16,281,479469,2,3,2013,"TOWNHOUSE"
2098987149,"1500 Hummingbird Ct APT 15, Pharr, TX 78577","Pharr",TX,150000,1408,252,20.16,281,479461,2,3,2013,"TOWNHOUSE"
2098997284,"1500 Hummingbird Ct APT 10, Pharr, TX 78577","Pharr",TX,150000,1408,252,20.16,281,479450,2,3,2013,"TOWNHOUSE"
2098997362,"1500 Hummingbird Ct APT 9, Pharr, TX 78577","Pharr",TX,150000,1408,252,20.16,281,479449,2,3,2013,"TOWNHOUSE"
2101500490,"1500 Hummingbird Ct APT 7, Pharr, TX 78577","Pharr",TX,150000,1408,252,20.16,281,479446,2,3,2013,"TOWNHOUSE"
2101500492,"1500 Hummingbird Ct APT 4, Pharr, TX 78577","Pharr",TX,150000,1408,252,20.16,281,479435,2,3,2013,"TOWNHOUSE"
52093702,"3500 N 21st St, Waco, TX 76708","Waco",TX,160000,1555,268,20.14,364,21229283,3,1,1929,"SINGLE_FAMILY"
74437803,"367 Bridgewater Dr, Newport News, VA 23603","Newport News",VA,187950,1895,315,20.1,223,10616630,2,3,1987,"TOWNHOUSE"
78896062,"1628 Hamlin Ave, Wichita Falls, TX 76301","Wichita Falls",TX,105000,959,175,19.95,127,178588,3,1,1952,"SINGLE_FAMILY"
26132650,"2236 Schley, San Antonio, TX 78210","San Antonio",TX,139000,1296,230,19.89,244,1877898,3,1,1962,"SINGLE_FAMILY"
78828998,"1908 Division St, Greenville, TX 75401","Greenville",TX,151900,1287,251,19.85,152,21148036,3,1,1950,"SINGLE_FAMILY"
14964157,"3106 Truxton Road, Augusta, GA 30906","Augusta",GA,179997,1444,298,19.84,127,543576,3,2,1968,"SINGLE_FAMILY"
90143312,"16634 S Diego Rd, Yucca, AZ 86438","Yucca",AZ,199000,1456,329,19.82,16,1040189,0,0,0,"LOT"
453183073,"117 Wrench Ln, Bainbridge, NY 13733","Bainbridge",NY,159500,1501,263,19.77,318,R1613747,2,1,1992,"SINGLE_FAMILY"
456949702,"255 Fair Ave, Marenisco, MI 49947","Marenisco",MI,199000,1686,327,19.75,247,NS1086068,1,3,2000,"SINGLE_FAMILY"
76106209,"705 W Washington Ave, Jonesboro, AR 72401","Jonesboro",AR,146900,1159,241,19.72,58,10128796,3,1,0,"SINGLE_FAMILY"
447321724,"2756 Gresham Rd SE, Atlanta, GA 30316","Atlanta",GA,280000,2239,458,19.61,229,7709826,4,2,1954,"SINGLE_FAMILY"
461021964,"1133 Wisteria Dr #1, Tuscaloosa, AL 35405","Tuscaloosa",AL,214900,1702,351,19.6,63,173937,3,2,1997,"SINGLE_FAMILY"
58164865,"706 Sapphire Ct, Inman, SC 29349","Inman",SC,225000,1700,367,19.58,46,1585711,5,2,2001,"MANUFACTURED"
70042729,"797 Gabbettville Rd, Lagrange, GA 30240","Lagrange",GA,219900,1848,359,19.58,227,10727982,4,2,1967,"SINGLE_FAMILY"
297545,"601 W 51st St, N Little Rock, AR 72118","N Little Rock",AR,119300,964,194,19.56,43,26012983,2,1,1954,"SINGLE_FAMILY"
48386163,"1566 Laura St, Springfield, OR 97477","Springfield",OR,299900,2178,488,19.54,41,417429576,3,3,1930,"MULTI_FAMILY"
521556,"1467 Ridge Pl SE, Washington, DC 20020","Washington",DC,299900,3374,488,19.54,1237,DCDC2248288,3,3,1927,"TOWNHOUSE"
92076725,"4011 McVay St SW, Huntsville, AL 35805","Huntsville",AL,109900,885,179,19.54,25,21908660,2,1,1944,"SINGLE_FAMILY"
42225272,"4362 Suncrest Dr, Memphis, TN 38127","Memphis",TN,145000,1157,235,19.46,71,10217655,4,1,1959,"SINGLE_FAMILY"
67635012,"110 N Hillside St, Red Oak, TX 75154","Red Oak",TX,229900,1953,371,19.35,271,21200693,3,2,1952,"SINGLE_FAMILY"
457730328,"903 Parkview Pl #A & B, Gulfport, MS 39507","Gulfport",MS,198000,1543,318,19.25,119,4129833,6,4,2006,"MULTI_FAMILY"
55112382,"1529 Via Della Scala, Henderson, NV 89052","Henderson",NV,499000,4045,793,19.06,504,2768267,0,0,0,"LOT"
42797694,"14401 Front Beach Rd Unit 308, Panama City Beach, FL 32413","Panama City Beach",FL,174900,1447,277,19.01,175,779056,0,1,1965,"CONDO"
43490491,"2808 Forest Dr, Melbourne, FL 32901","Melbourne",FL,299000,2364,473,19,246,1069553,3,2,1976,"SINGLE_FAMILY"
102893817,"8577 N 1175 E, Walkerton, IN 46574","Walkerton",IN,170000,1286,267,18.84,48,834147,2,1,2008,"SINGLE_FAMILY"
54926615,"25806 Cockleshell Dr #314, Bonita Springs, FL 34135","Bonita Springs",FL,225000,2234,351,18.7,46,2025012731,2,2,1980,"CONDO"
17491012,"7421 Bannock Trl, Yucca Valley, CA 92284","Yucca Valley",CA,229900,1881,358,18.69,212,219141974DA,3,1,1961,"SINGLE_FAMILY"
276774,"510 Gordon St, North Little Rock, AR 72117","North Little Rock",AR,150000,1154,233,18.68,46,26006639,3,2,1950,"SINGLE_FAMILY"
380065,"21 Delavega Cir, Hot Springs Village, AR 71909","Hot Springs Village",AR,262000,2244,407,18.65,255,26011928,3,2,1990,"SINGLE_FAMILY"
448859862,"276 E Broadway St S #3, Salt Lake City, UT 84111","Salt Lake City",UT,169000,1586,262,18.64,69,2131445,1,1,1910,"CONDO"
28829906,"224 Spruce St, Corpus Christi, TX 78408","Corpus Christi",TX,235000,1705,364,18.59,6,471533,3,2,2026,"SINGLE_FAMILY"
441489914,"56 Pine Trak Unit 101E, Ocala, FL 34472","Ocala",FL,121900,1297,188,18.56,165,TB8382044,2,2,1984,"CONDO"
50717287,"1008 Tangerine, La feria, TX 78559","La feria",TX,145000,1214,223,18.45,124,494442,3,2,2000,"MANUFACTURED"
125322973,"3147 Lake Lane Rd, Napier, WV 26631","Napier",WV,240000,1811,368,18.39,84,10163768,4,3,2006,"SINGLE_FAMILY"
460547070,"10232 Regal Oaks Dr #32B, Dallas, TX 75230","Dallas",TX,129500,1154,198,18.36,180,21181854,1,1,1970,"CONDO"
31586850,"7900 New Floyd Rd, Rome, NY 13440","Rome",NY,299900,2290,457,18.28,184,S1516352,3,2,1956,"SINGLE_FAMILY"
116514225,"123 S 4th St, Bearcreek, MT 59007","Bearcreek",MT,254900,1861,387,18.22,42,355768,3,2,1992,"SINGLE_FAMILY"
73828566,"440 Vallette St, New Orleans, LA 70114","New Orleans",LA,425000,3188,645,18.21,290,2550546,5,3,1890,"SINGLE_FAMILY"
47305608,"348 Gordon Ave, Lake Wales, FL 33859","Lake Wales",FL,199900,1509,303,18.19,90,P4937240,2,1,1938,"SINGLE_FAMILY"
75247541,"1002 Left Bank Dr, Florence, SC 29501","Florence",SC,325000,2361,490,18.09,101,2601025,3,3,1988,"SINGLE_FAMILY"
43941058,"5851 W 20th Ave APT 409, Hialeah, FL 33012","Hialeah",FL,330000,3066,496,18.04,322,A11940685,3,3,1983,"TOWNHOUSE"
47297796,"326 Nesbitt Park Ave, Davenport, FL 33897","Davenport",FL,197600,1551,293,17.8,83,O6392181,2,2,1996,"MANUFACTURED"
202684833,"600 E 5th St, Ferris, TX 75125","Ferris",TX,229900,1932,340,17.73,282,21207822,2,1,1969,"SINGLE_FAMILY"
78826579,"1806 Wellington St, Greenville, TX 75401","Greenville",TX,159800,1477,235,17.65,320,21149888,3,1,1940,"SINGLE_FAMILY"
50789862,"1412 Dartmouth St, Longview, TX 75601","Longview",TX,239900,1740,352,17.62,29,20262979,3,2,1961,"SINGLE_FAMILY"
26254638,"422 Ellana Claire, San Antonio, TX 78225","San Antonio",TX,175000,1642,255,17.49,391,1926203,3,2,1947,"SINGLE_FAMILY"
442341341,"13819 N 34th Ln, McAllen, TX 78504","McAllen",TX,449000,3539,654,17.47,516,502792,4,5,2023,"SINGLE_FAMILY"
47079403,"2491 Coronado Way, Dunedin, FL 34698","Dunedin",FL,474000,3261,690,17.47,81,O6347300,3,2,1957,"SINGLE_FAMILY"
243009307,"50 N Duncan Hill Ln, Taylorsville, NC 28681","Taylorsville",NC,189500,1389,276,17.45,48,4325792,3,2,1999,"MANUFACTURED"
2105790924,"2040 E Maple Ave, Flint, MI 48507","Flint",MI,249900,2061,362,17.39,292,20250031572,4,2,1912,"SINGLE_FAMILY"
2130563648,"2017 Governor Nicholls St, New Orleans, LA 70116","New Orleans",LA,344000,2664,492,17.18,310,2548684,3,2,1920,"MULTI_FAMILY"
21872863,"1616 SW 62nd St, Oklahoma City, OK 73159","Oklahoma City",OK,225000,1781,322,17.18,172,1216774,3,4,1953,"SINGLE_FAMILY"
28829911,"211 Spruce St, Corpus Christi, TX 78408","Corpus Christi",TX,235000,1706,334,17.08,36,471538,3,2,2026,"SINGLE_FAMILY"
2093689813,"66569 Gallatin Rd, Gallatin Gateway, MT 59730","Gallatin Gateway",MT,299000,2226,424,17.03,157,410025,0,0,0,"LOT"
28829905,"220 Spruce St, Corpus Christi, TX 78408","Corpus Christi",TX,235000,1706,333,17,38,471537,3,2,2026,"SINGLE_FAMILY"
108841356,"13212 Mile 16 N, Edinburg, TX 78542","Edinburg",TX,205000,1605,290,16.98,124,498254,3,2,2020,"SINGLE_FAMILY"
37704802,"731 N Westover Dr, Salisbury, MD 21801","Salisbury",MD,135000,1018,190,16.93,25,MDWC2014432,2,1,1947,"SINGLE_FAMILY"
50397172,"3670 Holland Dr, Beaumont, TX 77707","Beaumont",TX,170040,1440,239,16.89,229,263762,3,2,0,"SINGLE_FAMILY"
28850745,"5022 Kasper St, Corpus Christi, TX 78415","Corpus Christi",TX,130000,1156,182,16.82,196,474452,2,1,1953,"SINGLE_FAMILY"
92142404,"1211 Baltimore Hill Rd NE, Huntsville, AL 35810","Huntsville",AL,160000,1170,224,16.81,23,21909927,3,1,1962,"SINGLE_FAMILY"
6967131,"928 Rockview Dr Unit 101, Las Vegas, NV 89128","Las Vegas",NV,215000,1595,299,16.68,57,2769731,2,2,1990,"CONDO"
109811988,"3120 Stockwell Rd, Bossier City, LA 71111","Bossier City",LA,206500,1688,287,16.66,204,21174208,3,2,2001,"SINGLE_FAMILY"
45433227,"6049 Perthshire Ln, Fort Myers, FL 33908","Fort Myers",FL,485000,3588,668,16.54,356,2025003765,3,2,1981,"SINGLE_FAMILY"
460900076,"1907 Isleta Blvd SW Unit 7, Albuquerque, NM 87105","Albuquerque",NM,284900,2172,391,16.48,204,1099392,3,3,1959,"SINGLE_FAMILY"
26717138,"2522 W Clarendon Dr, Dallas, TX 75211","Dallas",TX,274900,2313,376,16.43,408,21146415,4,2,1924,"SINGLE_FAMILY"
99433885,"82 McKenzie Ln, Lonoke, AR 72142","Lonoke",AR,120000,942,164,16.37,49,26009989,1,2,2013,"SINGLE_FAMILY"
148980848,"1530 Rousselin Dr, New Orleans, LA 70119","New Orleans",LA,169900,1296,231,16.31,94,2547262,1,1,1968,"SINGLE_FAMILY"
27026805,"1425 W Walnut St, Garland, TX 75042","Garland",TX,275000,1913,374,16.3,11,21203972,3,2,1950,"SINGLE_FAMILY"
42331895,"7565 Wintergreen Ln, Cordova, TN 38018","Cordova",TN,350000,2581,473,16.23,190,10212949,4,3,1997,"APARTMENT"
46156088,"1214 N Pine Hills Rd, Orlando, FL 32808","Orlando",FL,440000,3287,595,16.21,367,O6379821,5,3,1952,"SINGLE_FAMILY"
63560630,"132 Sloughside Dr, Adger, AL 35006","Adger",AL,149900,1111,202,16.14,35,21441752,2,2,1982,"MANUFACTURED"
54101290,"4309 31st St, Lubbock, TX 79410","Lubbock",TX,144950,1281,194,16.06,237,202604484,3,1,1952,"SINGLE_FAMILY"
126698211,"39 Vail Ave #109, Angel Fire, NM 87710","Angel Fire",NM,279000,2286,371,15.95,112,114431,2,2,1982,"CONDO"
87633509,"9902 S Thomas Dr Unit 837, Panama City Beach, FL 32408","Panama City Beach",FL,269900,2112,358,15.91,250,788077,1,2,2007,"CONDO"
73584804,"4410 Tara Gale Ct, Louisville, KY 40216","Louisville",KY,235000,1815,311,15.86,169,1713802,3,2,1955,"SINGLE_FAMILY"
27013396,"2045 Delmar Dr, Garland, TX 75041","Garland",TX,275000,1988,360,15.69,100,21162764,4,2,1954,"SINGLE_FAMILY"
2067855888,"Lot#58 Twin Oaks Mountain Boulevard, Sparta, NC 28675","Sparta",NC,92500,839,121,15.68,46,260956,0,0,0,"LOT"
23617413,"3121 Bennett Drive, Bellingham, WA 98225","Bellingham",WA,325000,2409,423,15.62,216,2485672,3,2,1981,"MANUFACTURED"
337151181,"4507 W Rogers Rd, Edinburg, TX 78541","Edinburg",TX,375000,2824,488,15.62,324,494300,6,4,1989,"SINGLE_FAMILY"
47379224,"2119 W Patterson St, Lakeland, FL 33815","Lakeland",FL,235000,1727,303,15.45,89,P4935554,4,1,1964,"SINGLE_FAMILY"
458055488,"3321 E Alexa St, Edinburg, TX 78542","Edinburg",TX,260000,1906,334,15.42,116,498043,3,3,2025,"SINGLE_FAMILY"
444262255,"0 TBD High Country Drive W, Tonasket, WA 98855","Tonasket",WA,325000,2395,416,15.37,209,2472151,1,1,1997,"SINGLE_FAMILY"
42942756,"3221 NE 8th St APT 103, Pompano Beach, FL 33062","Pompano Beach",FL,314000,3109,402,15.36,337,A11956246,2,2,1969,"CONDO"
97557134,"845 Tee, Spring Branch, TX 78070","Spring Branch",TX,259638,1834,331,15.31,48,1931119,3,2,2025,"SINGLE_FAMILY"
193856158,"715 Walnut, Jourdanton, TX 78026","Jourdanton",TX,245000,1740,312,15.3,44,1939985,3,2,1960,"SINGLE_FAMILY"
21999468,"3028 Chetwood Dr, Del City, OK 73115","Del City",OK,169000,1263,215,15.25,82,1211692,3,2,1963,"SINGLE_FAMILY"
54085983,"3513 45th St, Lubbock, TX 79413","Lubbock",TX,399900,3185,508,15.23,545,202601242,4,3,1956,"SINGLE_FAMILY"
44519264,"1045 E 11TH Street, Jacksonville, FL 32206","Jacksonville",FL,129000,1017,163,15.21,80,2093956,2,1,1928,"SINGLE_FAMILY"
49664190,"513 Highland Ave SE, Roanoke, VA 24013","Roanoke",VA,195000,1411,247,15.21,72,925483,3,2,1900,"SINGLE_FAMILY"
2054322354,"4743 Jennmar Way #56, New Pt Richey, FL 34652","New Pt Richey",FL,139000,1278,176,15.2,200,U8239487,0,0,0,"LOT"
110889698,"36766 Longleaf Dr, Independence, LA 70443","Independence",LA,175000,1267,221,15.18,50,2544381,3,1,1994,"SINGLE_FAMILY"
219635203,"2490 State Highway 30a, Fonda, NY 12068","Fonda",NY,165000,1155,206,15,2,202526279,1,1,2021,"SINGLE_FAMILY"